Workbook
Name BOSDubai: Tracker!$C$9:$C$122

Sheet Tracker
AB1: EXPECTED SAVINGS NEW VERSION | AM1: EXPECTED SAVINGS OLD VERSION
B2: This is the Vessel Installation Tracker Sheet. | E2: EACH VESSEL : WHAT TO DO ? | K2: If any issues concerning the Excel Sheet Please refer to Axel FAURAX | N2: 2000 year | O2: ton MGO | Q2: =2000*0.01 -> 20 | T2: To remind : | U2: MGPS : All existing vessels IWTM Filter : Whole fleet + new assets Lightning System CMCE : All DP 2 vessels which are used as DP2 if vessel is not used as DP2 then it is not required MGPS + Chlorinator : New assets | AB2: Device | AC2: Scope 1 | AD2: Scope 3 | AE2: Co2 savings ton/year | AF2: FOR FACTOR 1 | AM2: Devices (for 100tonnage) | AN2: Scope 1 | AO2: Scope 3 | AP2: Co2 savings ton/year | AQ2: FOR FACTOR 1
N3: MGO | O3: 3.2 | Q3: =O3*Q2 -> 64 | AB3: MGPS | AC3: 11000 | AD3: 3200 | AE3: 64 | AF3: 1 | AM3: MGPS | AN3: 11000 | AO3: 3200 | AP3: 64 | AQ3: 1
B4: To remind : | C4: I would like all vessels to do go and check the status. Here we report all the installation of the new initiatives we put onto the whole fleet | E4: Please scroll down to your vessel name. You will see all the devices we need to track | F4: Please select on "Installation Status" when clicking into the cell, one of the statement written. | H4: If possible, Please fill the chief engineer name and the installation date | N4: price mgo | O4: 600 | P4: usd | R4: =8000/25 -> 320 | AB4: Chlorinator | AC4: 15000 | AD4: 3200 | AE4: =INT($AE$3*AC4/$AC$3) -> 87 | AF4: 1 | AM4: Chlorinator | AN4: 0 | AO4: 3200 | AP4: 50 | AQ4: 1
AB5: CMCE LP | AC5: 0 | AD5: 500 | AE5: =INT($AE$3*AC5/$AC$3) -> 0 | AF5: 1 | AM5: CMCE LP | AN5: 0 | AO5: 500 | AP5: 0 | AQ5: 1
AB6: CJC Filter | AC6: 2500 | AD6: 5000 | AE6: =INT($AE$3*AC6/$AC$3) -> 14 | AF6: 1 | AM6: IWTM Filter | AN6: 2500 | AO6: 3200 | AP6: 11 | AQ6: 1
M7: Custom ligne (a) | AB7: IWTM Filter | AC7: 1500 | AD7: =3200+3000 -> 6200 | AE7: =INT($AE$3*AC7/$AC$3) -> 8 | AF7: 1 | AM7: LED lights | AN7: 8300 | AO7: 1000 | AP7: 45 | AQ7: 1
B8: N | C8: Vessel Name/ ID | D8: Spec | E8: Devices | F8: Installation Status | G8: Date of Installation | H8: Scope 1 Expected Savings/year | I8: Scope 3 Expected Savings/year | J8: Co2 savings ton/year | K8: Chief Engineer Name | L8: Comments/Remarks | U8: help column | V8: factor | W8: old value of Fuel cons fuel power | Y8: fuel cons 24hours full power literse | AB8: LED lights | AC8: 8300 | AD8: 4000 | AE8: 85 | AF8: 1 | AM8: EFMS Ascenz GEN E KIT | AN8: 16000 | AO8: 2000 | AP8: 85 | AQ8: 1
A9: a | B9: 1 | C9: Britoil 21 | D9: AHT E | E9: ↓ | H9: =IF(F9="Done", V9*VLOOKUP(E9, $AB$3:$AC$16, 2, FALSE), "") | I9: =IF(F9="Done", V9*VLOOKUP(E9, $AB$3:$AD$16, 3, FALSE), "") | J9: =IF(F9="Done", V9*VLOOKUP(E9, $AB$3:$AE$16, 4, FALSE), "") | U9: =C9 -> Britoil 21 | V9: =MIN(Y9/21388,1.3) -> 0.51430709 | W9: =VLOOKUP(U9, $AB$30:$AH$96, 7, FALSE) -> 11000 | Y9: =INT(VLOOKUP(U9, $AB$30:$AH$101, 7, FALSE)) -> 11000 | AB9: EFMS | AC9: 16000 | AD9: 1000 | AE9: =INT($AE$3*AC9/$AC$3) -> 93 | AF9: 1 | AM9: EFMS | AN9: 8000 | AO9: 1000 | AP9: 40 | AQ9: 1
E10: LED lights | F10: Not Installed | H10: =IF(F10="Done", V10*VLOOKUP(E10, $AB$3:$AC$16, 2, FALSE), "") | I10: =IF(F10="Done", V10*VLOOKUP(E10, $AB$3:$AD$16, 3, FALSE), "") | J10: =IF(F10="Done", V10*VLOOKUP(E10, $AB$3:$AE$16, 4, FALSE), "") | U10: Britoil 21 | V10: =MIN(Y10/21388,1.3) -> 0.51430709 | W10: 11000 | Y10: =INT(VLOOKUP(U10, $AB$30:$AH$101, 7, FALSE)) -> 11000 | AB10: Deva Paint | AC10: 0 | AD10: 4000 | AE10: 30 | AF10: 1 | AM10: AI CCTV | AN10: 0 | AO10: 4000 | AP10: 0 | AQ10: 1
E11: EFMS | F11: Not Installed | H11: =IF(F11="Done", V11*VLOOKUP(E11, $AB$3:$AC$16, 2, FALSE), "") | I11: =IF(F11="Done", V11*VLOOKUP(E11, $AB$3:$AD$16, 3, FALSE), "") | J11: =IF(F11="Done", V11*VLOOKUP(E11, $AB$3:$AE$16, 4, FALSE), "") | U11: Britoil 21 | V11: =MIN(Y11/21388,1.3) -> 0.51430709 | W11: 11000 | Y11: =INT(VLOOKUP(U11, $AB$30:$AH$101, 7, FALSE)) -> 11000 | AB11: AI CCTV | AC11: 0 | AD11: 3000 | AE11: =INT($AE$3*AC11/$AC$3) -> 0 | AF11: 1 | AM11: Nautilus Log | AN11: 0 | AO11: 2000 | AP11: 0 | AQ11: 1
E12: MGPS | F12: No Need | H12: =IF(F12="Done", V12*VLOOKUP(E12, $AB$3:$AC$16, 2, FALSE), "") | I12: =IF(F12="Done", V12*VLOOKUP(E12, $AB$3:$AD$16, 3, FALSE), "") | J12: =IF(F12="Done", V12*VLOOKUP(E12, $AB$3:$AE$16, 4, FALSE), "") | U12: Britoil 21 | V12: =MIN(Y12/21388,1.3) -> 0.51430709 | W12: 11000 | Y12: =INT(VLOOKUP(U12, $AB$30:$AH$101, 7, FALSE)) -> 11000 | AB12: Nautilus Log | AC12: 0 | AD12: 1500 | AE12: =INT($AE$3*AC12/$AC$3) -> 0 | AF12: 1
E13: IWTM Filter | F13: In Process | H13: =IF(F13="Done", V13*VLOOKUP(E13, $AB$3:$AC$16, 2, FALSE), "") | I13: =IF(F13="Done", V13*VLOOKUP(E13, $AB$3:$AD$16, 3, FALSE), "") | J13: =IF(F13="Done", V13*VLOOKUP(E13, $AB$3:$AE$16, 4, FALSE), "") | U13: Britoil 21 | V13: =MIN(Y13/21388,1.3) -> 0.51430709 | W13: 11000 | Y13: =INT(VLOOKUP(U13, $AB$30:$AH$101, 7, FALSE)) -> 11000 | AB13: RE Conversion | AC13: 0 | AD13: 2000 | AE13: =INT($AE$3*AC13/$AC$3) -> 0 | AF13: 1
A14: a | B14: 2 | C14: Britoil 22 | D14: AHT E | E14: ↓ | H14: =IF(F14="Done", V14*VLOOKUP(E14, $AB$3:$AC$16, 2, FALSE), "") | I14: =IF(F14="Done", V14*VLOOKUP(E14, $AB$3:$AD$16, 3, FALSE), "") | J14: =IF(F14="Done", V14*VLOOKUP(E14, $AB$3:$AE$16, 4, FALSE), "") | K14: CE SARONHI BIN TOPIK | U14: =C14 -> Britoil 22 | V14: =MIN(Y14/21388,1.3) -> 0.51430709 | W14: 11000 | Y14: =INT(VLOOKUP(U14, $AB$30:$AH$101, 7, FALSE)) -> 11000 | AB14: Shore Generator | AC14: 10000 | AD14: 0 | AE14: =INT($AE$3*AC14/$AC$3) -> 58 | AF14: 1 | AI14: Devices (for 100tonnage) | AJ14: Scope 1 | AK14: Scope 3 | AL14: Co2 savings ton/year
E15: LED lights | F15: Not Installed | H15: =IF(F15="Done", V15*VLOOKUP(E15, $AB$3:$AC$16, 2, FALSE), "") | I15: =IF(F15="Done", V15*VLOOKUP(E15, $AB$3:$AD$16, 3, FALSE), "") | J15: =IF(F15="Done", V15*VLOOKUP(E15, $AB$3:$AE$16, 4, FALSE), "") | U15: Britoil 22 | V15: =MIN(Y15/21388,1.3) -> 0.51430709 | W15: 11000 | Y15: =INT(VLOOKUP(U15, $AB$30:$AH$101, 7, FALSE)) -> 11000 | AB15: Silicon Paint | AC15: 8000 | AD15: 5000 | AE15: =INT($AE$3*AC15/$AC$3) -> 46 | AF15: 1 | AI15: MGPS | AJ15: 11000 | AK15: 3200 | AL15: 64 | AM15: Bioguard / Discovery
E16: EFMS | F16: Not Installed | H16: =IF(F16="Done", V16*VLOOKUP(E16, $AB$3:$AC$16, 2, FALSE), "") | I16: =IF(F16="Done", V16*VLOOKUP(E16, $AB$3:$AD$16, 3, FALSE), "") | J16: =IF(F16="Done", V16*VLOOKUP(E16, $AB$3:$AE$16, 4, FALSE), "") | U16: Britoil 22 | V16: =MIN(Y16/21388,1.3) -> 0.51430709 | W16: 11000 | Y16: =INT(VLOOKUP(U16, $AB$30:$AH$101, 7, FALSE)) -> 11000 | AB16: IOW Separator | AC16: 0 | AD16: 3200 | AE16: =INT($AE$3*AC16/$AC$3) -> 0 | AF16: 1 | AI16: Chlorinator | AJ16: 0 | AK16: 3200 | AL16: 50 | AM16: good for CO2 / Discovery
E17: MGPS | F17: Done | G17: 1/12023 | H17: =IF(F17="Done", V17*VLOOKUP(E17, $AB$3:$AC$16, 2, FALSE), "") -> 5657.378 | I17: =IF(F17="Done", V17*VLOOKUP(E17, $AB$3:$AD$16, 3, FALSE), "") -> 1645.7827 | J17: =IF(F17="Done", V17*VLOOKUP(E17, $AB$3:$AE$16, 4, FALSE), "") -> 32.915654 | U17: Britoil 22 | V17: =MIN(Y17/21388,1.3) -> 0.51430709 | W17: 11000 | Y17: =INT(VLOOKUP(U17, $AB$30:$AH$101, 7, FALSE)) -> 11000 | AH17: CMCE LP | AI17: 0 | AJ17: 0 | AK17: 0 | AL17: all
E18: IWTM Filter | F18: In Process | H18: =IF(F18="Done", V18*VLOOKUP(E18, $AB$3:$AC$16, 2, FALSE), "") | I18: =IF(F18="Done", V18*VLOOKUP(E18, $AB$3:$AD$16, 3, FALSE), "") | J18: =IF(F18="Done", V18*VLOOKUP(E18, $AB$3:$AE$16, 4, FALSE), "") | U18: Britoil 22 | V18: =MIN(Y18/21388,1.3) -> 0.51430709 | W18: 11000 | Y18: =INT(VLOOKUP(U18, $AB$30:$AH$101, 7, FALSE)) -> 11000 | AH18: IWTM Filter | AI18: 2500 | AJ18: 3200 | AK18: 11 | AL18: Britoil 120
A19: a | B19: 3 | C19: Britoil 41 | D19: AHT E | E19: ↓ | H19: =IF(F19="Done", V19*VLOOKUP(E19, $AB$3:$AC$16, 2, FALSE), "") | I19: =IF(F19="Done", V19*VLOOKUP(E19, $AB$3:$AD$16, 3, FALSE), "") | J19: =IF(F19="Done", V19*VLOOKUP(E19, $AB$3:$AE$16, 4, FALSE), "") | U19: =C19 -> Britoil 41 | V19: =MIN(Y19/21388,1.3) -> 1.3 | W19: 42000 | X19: bride 1.3 | Y19: =INT(VLOOKUP(U19, $AB$30:$AH$101, 7, FALSE)) -> 33611 | AC19: TO | AD19: CHANGE / ADAPT | AE19: VERIFY | AH19: LED lights | AI19: 8300 | AJ19: 1000 | AK19: 45 | AL19: Discovery
E20: MGPS | F20: Done | H20: =IF(F20="Done", V20*VLOOKUP(E20, $AB$3:$AC$16, 2, FALSE), "") -> 14300 | I20: =IF(F20="Done", V20*VLOOKUP(E20, $AB$3:$AD$16, 3, FALSE), "") -> 4160 | J20: =IF(F20="Done", V20*VLOOKUP(E20, $AB$3:$AE$16, 4, FALSE), "") -> 83.2 | U20: Britoil 41 | V20: =MIN(Y20/21388,1.3) -> 1.3 | W20: 42000 | Y20: =INT(VLOOKUP(U20, $AB$30:$AH$101, 7, FALSE)) -> 33611 | AH20: EFMS | AI20: 16000 | AJ20: 100 | AK20: 85 | AL20: Defiance
E21: EFMS | F21: Not Installed | H21: =IF(F21="Done", V21*VLOOKUP(E21, $AB$3:$AC$16, 2, FALSE), "") | I21: =IF(F21="Done", V21*VLOOKUP(E21, $AB$3:$AD$16, 3, FALSE), "") | J21: =IF(F21="Done", V21*VLOOKUP(E21, $AB$3:$AE$16, 4, FALSE), "") | U21: Britoil 41 | V21: =MIN(Y21/21388,1.3) -> 1.3 | W21: 42000 | Y21: =INT(VLOOKUP(U21, $AB$30:$AH$101, 7, FALSE)) -> 33611 | AH21: EFMS not using Monitor | AI21: 8000 | AJ21: 100 | AK21: 40
E22: LED lights | F22: Done | H22: =IF(F22="Done", V22*VLOOKUP(E22, $AB$3:$AC$16, 2, FALSE), "") -> 10790 | I22: =IF(F22="Done", V22*VLOOKUP(E22, $AB$3:$AD$16, 3, FALSE), "") -> 5200 | J22: =IF(F22="Done", V22*VLOOKUP(E22, $AB$3:$AE$16, 4, FALSE), "") -> 110.5 | U22: Britoil 41 | V22: =MIN(Y22/21388,1.3) -> 1.3 | W22: 42000 | Y22: =INT(VLOOKUP(U22, $AB$30:$AH$101, 7, FALSE)) -> 33611 | AH22: AI CCTV | AI22: 0 | AJ22: 3000 | AK22: 0 | AL22: all
E23: IWTM Filter | F23: Done | H23: =IF(F23="Done", V23*VLOOKUP(E23, $AB$3:$AC$16, 2, FALSE), "") -> 1950 | I23: =IF(F23="Done", V23*VLOOKUP(E23, $AB$3:$AD$16, 3, FALSE), "") -> 8060 | J23: =IF(F23="Done", V23*VLOOKUP(E23, $AB$3:$AE$16, 4, FALSE), "") -> 10.4 | U23: Britoil 41 | V23: =MIN(Y23/21388,1.3) -> 1.3 | W23: 42000 | Y23: =INT(VLOOKUP(U23, $AB$30:$AH$101, 7, FALSE)) -> 33611 | AH23: Nautilus Log | AI23: 0 | AJ23: 2000 | AK23: 0 | AL23: all
A24: a | B24: 4 | C24: Britoil 60 | D24: AHT E | E24: ↓ | H24: =IF(F24="Done", V24*VLOOKUP(E24, $AB$3:$AC$16, 2, FALSE), "") | I24: =IF(F24="Done", V24*VLOOKUP(E24, $AB$3:$AD$16, 3, FALSE), "") | J24: =IF(F24="Done", V24*VLOOKUP(E24, $AB$3:$AE$16, 4, FALSE), "") | K24: ecr.britoil60@ship.britoil.com.sg | U24: =C24 -> Britoil 60 | V24: =MIN(Y24/21388,1.3) -> 1.3 | W24: 32000 | X24: bride 1.3 | Y24: =INT(VLOOKUP(U24, $AB$30:$AH$101, 7, FALSE)) -> 32083
E25: MGPS | F25: Done | H25: =IF(F25="Done", V25*VLOOKUP(E25, $AB$3:$AC$16, 2, FALSE), "") -> 14300 | I25: =IF(F25="Done", V25*VLOOKUP(E25, $AB$3:$AD$16, 3, FALSE), "") -> 4160 | J25: =IF(F25="Done", V25*VLOOKUP(E25, $AB$3:$AE$16, 4, FALSE), "") -> 83.2 | U25: Britoil 60 | V25: =MIN(Y25/21388,1.3) -> 1.3 | W25: 32000 | Y25: =INT(VLOOKUP(U25, $AB$30:$AH$101, 7, FALSE)) -> 32083 | AJ25: TO CHANGE
E26: EFMS | F26: Not Installed | H26: =IF(F26="Done", V26*VLOOKUP(E26, $AB$3:$AC$16, 2, FALSE), "") | I26: =IF(F26="Done", V26*VLOOKUP(E26, $AB$3:$AD$16, 3, FALSE), "") | J26: =IF(F26="Done", V26*VLOOKUP(E26, $AB$3:$AE$16, 4, FALSE), "") | U26: Britoil 60 | V26: =MIN(Y26/21388,1.3) -> 1.3 | W26: 32000 | Y26: =INT(VLOOKUP(U26, $AB$30:$AH$101, 7, FALSE)) -> 32083
E27: LED lights | F27: Not Installed | H27: =IF(F27="Done", V27*VLOOKUP(E27, $AB$3:$AC$16, 2, FALSE), "") | I27: =IF(F27="Done", V27*VLOOKUP(E27, $AB$3:$AD$16, 3, FALSE), "") | J27: =IF(F27="Done", V27*VLOOKUP(E27, $AB$3:$AE$16, 4, FALSE), "") | U27: Britoil 60 | V27: =MIN(Y27/21388,1.3) -> 1.3 | W27: 32000 | Y27: =INT(VLOOKUP(U27, $AB$30:$AH$101, 7, FALSE)) -> 32083
E28: IWTM Filter | F28: Done | G28: 45397 | H28: =IF(F28="Done", V28*VLOOKUP(E28, $AB$3:$AC$16, 2, FALSE), "") -> 1950 | I28: =IF(F28="Done", V28*VLOOKUP(E28, $AB$3:$AD$16, 3, FALSE), "") -> 8060 | J28: =IF(F28="Done", V28*VLOOKUP(E28, $AB$3:$AE$16, 4, FALSE), "") -> 10.4 | U28: Britoil 60 | V28: =MIN(Y28/21388,1.3) -> 1.3 | W28: 32000 | Y28: =INT(VLOOKUP(U28, $AB$30:$AH$101, 7, FALSE)) -> 32083
A29: a | B29: 5 | C29: Britoil 61 | D29: AHT E | E29: ↓ | H29: =IF(F29="Done", V29*VLOOKUP(E29, $AB$3:$AC$16, 2, FALSE), "") | I29: =IF(F29="Done", V29*VLOOKUP(E29, $AB$3:$AD$16, 3, FALSE), "") | J29: =IF(F29="Done", V29*VLOOKUP(E29, $AB$3:$AE$16, 4, FALSE), "") | U29: =C29 -> Britoil 61 | V29: =MIN(Y29/21388,1.3) -> 1.3 | W29: 32000 | X29: bride 1.3 | Y29: =INT(VLOOKUP(U29, $AB$30:$AH$101, 7, FALSE)) -> 32083 | AB29: Brake Horsepower | AC29: Bollard Pull | AD29: Dimensions | AE29: Specifications
E30: MGPS | F30: Done | H30: =IF(F30="Done", V30*VLOOKUP(E30, $AB$3:$AC$16, 2, FALSE), "") -> 14300 | I30: =IF(F30="Done", V30*VLOOKUP(E30, $AB$3:$AD$16, 3, FALSE), "") -> 4160 | J30: =IF(F30="Done", V30*VLOOKUP(E30, $AB$3:$AE$16, 4, FALSE), "") -> 83.2 | U30: {=IF(C30="",INDEX(C27:C30,MATCH(TRUE,INDEX((C27:C30<>""),0),0)),C30)} -> Britoil 61 | V30: =MIN(Y30/21388,1.3) -> 1.3 | W30: 32000 | Y30: =INT(VLOOKUP(U30, $AB$30:$AH$101, 7, FALSE)) -> 32083 | AB30: Britoil 21 | AC30: 3600 | AD30: 52 | AE30: 43.00m x 12.60m | AF30: 14.4 | AG30: 1 | AH30: 11000
E31: EFMS | F31: Not Installed | H31: =IF(F31="Done", V31*VLOOKUP(E31, $AB$3:$AC$16, 2, FALSE), "") | I31: =IF(F31="Done", V31*VLOOKUP(E31, $AB$3:$AD$16, 3, FALSE), "") | J31: =IF(F31="Done", V31*VLOOKUP(E31, $AB$3:$AE$16, 4, FALSE), "") | U31: {=IF(C31="",INDEX(C28:C31,MATCH(TRUE,INDEX((C28:C31<>""),0),0)),C31)} -> Britoil 61 | V31: =MIN(Y31/21388,1.3) -> 1.3 | W31: 32000 | Y31: =INT(VLOOKUP(U31, $AB$30:$AH$101, 7, FALSE)) -> 32083 | AB31: Britoil 22 | AC31: 3600 | AD31: 52 | AE31: 43.00m x 12.60m | AF31: 14.4 | AG31: 1 | AH31: =$AH$30 *AC31/ $AC$30 -> 11000
E32: LED lights | F32: Not Installed | H32: =IF(F32="Done", V32*VLOOKUP(E32, $AB$3:$AC$16, 2, FALSE), "") | I32: =IF(F32="Done", V32*VLOOKUP(E32, $AB$3:$AD$16, 3, FALSE), "") | J32: =IF(F32="Done", V32*VLOOKUP(E32, $AB$3:$AE$16, 4, FALSE), "") | U32: {=IF(C32="",INDEX(C28:C32,MATCH(TRUE,INDEX((C28:C32<>""),0),0)),C32)} -> Britoil 61 | V32: =MIN(Y32/21388,1.3) -> 1.3 | W32: 32000 | Y32: =INT(VLOOKUP(U32, $AB$30:$AH$101, 7, FALSE)) -> 32083 | AB32: Britoil 41 | AC32: 11000 | AD32: 150 | AE32: 60.00m x 17.80m | AF32: 13.6 | AG32: 0.94405594 | AH32: =$AH$30 *AC32/ $AC$30 -> 33611.111
E33: IWTM Filter | F33: Done | H33: =IF(F33="Done", V33*VLOOKUP(E33, $AB$3:$AC$16, 2, FALSE), "") -> 1950 | I33: =IF(F33="Done", V33*VLOOKUP(E33, $AB$3:$AD$16, 3, FALSE), "") -> 8060 | J33: =IF(F33="Done", V33*VLOOKUP(E33, $AB$3:$AE$16, 4, FALSE), "") -> 10.4 | U33: {=IF(C33="",INDEX(C29:C33,MATCH(TRUE,INDEX((C29:C33<>""),0),0)),C33)} -> Britoil 61 | V33: =MIN(Y33/21388,1.3) -> 1.3 | W33: 32000 | Y33: =INT(VLOOKUP(U33, $AB$30:$AH$101, 7, FALSE)) -> 32083 | AB33: Britoil 60 | AC33: 10500 | AD33: 130 | AE33: 51.00m x 13.00m | AF33: 12.4 | AG33: 0.85714286 | AH33: =$AH$30 *AC33/ $AC$30 -> 32083.333
A34: a | B34: 6 | C34: Britoil 62 | D34: AHT E | E34: ↓ | H34: =IF(F34="Done", V34*VLOOKUP(E34, $AB$3:$AC$16, 2, FALSE), "") | I34: =IF(F34="Done", V34*VLOOKUP(E34, $AB$3:$AD$16, 3, FALSE), "") | J34: =IF(F34="Done", V34*VLOOKUP(E34, $AB$3:$AE$16, 4, FALSE), "") | U34: {=IF(C34="",INDEX(C30:C34,MATCH(TRUE,INDEX((C30:C34<>""),0),0)),C34)} -> Britoil 62 | V34: =MIN(Y34/21388,1.3) -> 0.77146063 | W34: 16000 | Y34: =INT(VLOOKUP(U34, $AB$30:$AH$101, 7, FALSE)) -> 16500 | AB34: Britoil 61 | AC34: 10500 | AD34: 130 | AE34: 51.00m x 13.00m | AF34: 12.4 | AG34: 0.85714286 | AH34: =$AH$30 *AC34/ $AC$30 -> 32083.333
E35: MGPS | F35: Done | H35: =IF(F35="Done", V35*VLOOKUP(E35, $AB$3:$AC$16, 2, FALSE), "") -> 8486.067 | I35: =IF(F35="Done", V35*VLOOKUP(E35, $AB$3:$AD$16, 3, FALSE), "") -> 2468.674 | J35: =IF(F35="Done", V35*VLOOKUP(E35, $AB$3:$AE$16, 4, FALSE), "") -> 49.37348 | U35: {=IF(C35="",INDEX(C32:C35,MATCH(TRUE,INDEX((C32:C35<>""),0),0)),C35)} -> Britoil 62 | V35: =MIN(Y35/21388,1.3) -> 0.77146063 | W35: 16000 | Y35: =INT(VLOOKUP(U35, $AB$30:$AH$101, 7, FALSE)) -> 16500 | AB35: Britoil 62 | AC35: 5400 | AD35: 70 | AE35: 40.00m x 11.40m | AF35: 13 | AG35: 0.8974359 | AH35: =$AH$30 *AC35/ $AC$30 -> 16500
E36: EFMS | F36: Not Installed | H36: =IF(F36="Done", V36*VLOOKUP(E36, $AB$3:$AC$16, 2, FALSE), "") | I36: =IF(F36="Done", V36*VLOOKUP(E36, $AB$3:$AD$16, 3, FALSE), "") | J36: =IF(F36="Done", V36*VLOOKUP(E36, $AB$3:$AE$16, 4, FALSE), "") | U36: {=IF(C36="",INDEX(C33:C36,MATCH(TRUE,INDEX((C33:C36<>""),0),0)),C36)} -> Britoil 62 | V36: =MIN(Y36/21388,1.3) -> 0.77146063 | W36: 16000 | Y36: =INT(VLOOKUP(U36, $AB$30:$AH$101, 7, FALSE)) -> 16500 | AB36: Britoil 63 | AC36: 5400 | AD36: 70 | AE36: 40.00m x 11.40m | AF36: 13 | AG36: 0.8974359 | AH36: =$AH$30 *AC36/ $AC$30 -> 16500
E37: LED lights | F37: Not Installed | H37: =IF(F37="Done", V37*VLOOKUP(E37, $AB$3:$AC$16, 2, FALSE), "") | I37: =IF(F37="Done", V37*VLOOKUP(E37, $AB$3:$AD$16, 3, FALSE), "") | J37: =IF(F37="Done", V37*VLOOKUP(E37, $AB$3:$AE$16, 4, FALSE), "") | U37: {=IF(C37="",INDEX(C33:C37,MATCH(TRUE,INDEX((C33:C37<>""),0),0)),C37)} -> Britoil 62 | V37: =MIN(Y37/21388,1.3) -> 0.77146063 | W37: 16000 | Y37: =INT(VLOOKUP(U37, $AB$30:$AH$101, 7, FALSE)) -> 16500 | AB37: Britoil 64 | AC37: 5400 | AD37: 70 | AE37: 40.00m x 11.40m | AF37: 13 | AG37: 0.8974359 | AH37: =$AH$30 *AC37/ $AC$30 -> 16500
E38: IWTM Filter | F38: Done | H38: =IF(F38="Done", V38*VLOOKUP(E38, $AB$3:$AC$16, 2, FALSE), "") -> 1157.1909 | I38: =IF(F38="Done", V38*VLOOKUP(E38, $AB$3:$AD$16, 3, FALSE), "") -> 4783.0559 | J38: =IF(F38="Done", V38*VLOOKUP(E38, $AB$3:$AE$16, 4, FALSE), "") -> 6.1716851 | U38: {=IF(C38="",INDEX(C34:C38,MATCH(TRUE,INDEX((C34:C38<>""),0),0)),C38)} -> Britoil 62 | V38: =MIN(Y38/21388,1.3) -> 0.77146063 | W38: 16000 | Y38: =INT(VLOOKUP(U38, $AB$30:$AH$101, 7, FALSE)) -> 16500 | AB38: Britoil 65 | AC38: 5400 | AD38: 70 | AE38: 40.00m x 11.40m | AF38: 13 | AG38: 0.8974359 | AH38: =$AH$30 *AC38/ $AC$30 -> 16500
A39: a | B39: 7 | C39: Britoil 63 | D39: AHT E | E39: ↓ | H39: =IF(F39="Done", V39*VLOOKUP(E39, $AB$3:$AC$16, 2, FALSE), "") | I39: =IF(F39="Done", V39*VLOOKUP(E39, $AB$3:$AD$16, 3, FALSE), "") | J39: =IF(F39="Done", V39*VLOOKUP(E39, $AB$3:$AE$16, 4, FALSE), "") | U39: {=IF(C39="",INDEX(C35:C39,MATCH(TRUE,INDEX((C35:C39<>""),0),0)),C39)} -> Britoil 63 | V39: =MIN(Y39/21388,1.3) -> 0.77146063 | W39: 16000 | Y39: =INT(VLOOKUP(U39, $AB$30:$AH$101, 7, FALSE)) -> 16500 | AB39: Britoil 66 | AC39: 5400 | AD39: 70 | AE39: 40.00m x 11.40m | AF39: 13 | AG39: 0.8974359 | AH39: =$AH$30 *AC39/ $AC$30 -> 16500
E40: MGPS | F40: Done | H40: =IF(F40="Done", V40*VLOOKUP(E40, $AB$3:$AC$16, 2, FALSE), "") -> 8486.067 | I40: =IF(F40="Done", V40*VLOOKUP(E40, $AB$3:$AD$16, 3, FALSE), "") -> 2468.674 | J40: =IF(F40="Done", V40*VLOOKUP(E40, $AB$3:$AE$16, 4, FALSE), "") -> 49.37348 | U40: {=IF(C40="",INDEX(C37:C40,MATCH(TRUE,INDEX((C37:C40<>""),0),0)),C40)} -> Britoil 63 | V40: =MIN(Y40/21388,1.3) -> 0.77146063 | W40: 16000 | Y40: =INT(VLOOKUP(U40, $AB$30:$AH$101, 7, FALSE)) -> 16500 | AB40: Britoil 67 | AC40: 5400 | AD40: 70 | AE40: 40.00m x 11.40m | AF40: 13 | AG40: 0.8974359 | AH40: =$AH$30 *AC40/ $AC$30 -> 16500
E41: EFMS | F41: Not Installed | H41: =IF(F41="Done", V41*VLOOKUP(E41, $AB$3:$AC$16, 2, FALSE), "") | I41: =IF(F41="Done", V41*VLOOKUP(E41, $AB$3:$AD$16, 3, FALSE), "") | J41: =IF(F41="Done", V41*VLOOKUP(E41, $AB$3:$AE$16, 4, FALSE), "") | U41: {=IF(C41="",INDEX(C38:C41,MATCH(TRUE,INDEX((C38:C41<>""),0),0)),C41)} -> Britoil 63 | V41: =MIN(Y41/21388,1.3) -> 0.77146063 | W41: 16000 | Y41: =INT(VLOOKUP(U41, $AB$30:$AH$101, 7, FALSE)) -> 16500 | AB41: Britoil 70 | AC41: 7216 | AD41: 100 | AE41: 47.00m x 13.60m | AF41: 13.9 | AG41: 0.95940645 | AH41: =$AH$30 *AC41/ $AC$30 -> 22048.889
E42: Silicon Paint | F42: Done | G42: 45951 | H42: =IF(F42="Done", V42*VLOOKUP(E42, $AB$3:$AC$16, 2, FALSE), "") -> 6171.6851 | I42: =IF(F42="Done", V42*VLOOKUP(E42, $AB$3:$AD$16, 3, FALSE), "") -> 3857.3032 | J42: =IF(F42="Done", V42*VLOOKUP(E42, $AB$3:$AE$16, 4, FALSE), "") -> 35.487189 | L42: Installed on Propeller, bow thrusters, sea chest | U42: {=IF(C42="",INDEX(C39:C42,MATCH(TRUE,INDEX((C39:C42<>""),0),0)),C42)} -> Britoil 63 | V42: =MIN(Y42/21388,1.3) -> 0.77146063 | W42: 16001 | Y42: =INT(VLOOKUP(U42, $AB$30:$AH$101, 7, FALSE)) -> 16500 | AB42: Brine Eagle | AC42: 7216 | AD42: 100 | AE42: 47.00m x 13.60m | AF42: 13.9 | AG42: 0.95940645 | AH42: =$AH$30 *AC42/ $AC$30 -> 22048.889
E43: LED lights | F43: Not Installed | H43: =IF(F43="Done", V43*VLOOKUP(E43, $AB$3:$AC$16, 2, FALSE), "") | I43: =IF(F43="Done", V43*VLOOKUP(E43, $AB$3:$AD$16, 3, FALSE), "") | J43: =IF(F43="Done", V43*VLOOKUP(E43, $AB$3:$AE$16, 4, FALSE), "") | U43: {=IF(C43="",INDEX(C38:C43,MATCH(TRUE,INDEX((C38:C43<>""),0),0)),C43)} -> Britoil 63 | V43: =MIN(Y43/21388,1.3) -> 0.77146063 | W43: 16000 | Y43: =INT(VLOOKUP(U43, $AB$30:$AH$101, 7, FALSE)) -> 16500 | AB43: Britoil 71 | AC43: 7216 | AD43: 100 | AE43: 47.00m x 13.60m | AF43: 13.9 | AG43: 0.95940645 | AH43: =$AH$30 *AC43/ $AC$30 -> 22048.889
E44: IWTM Filter | F44: Done | G44: 45748 | H44: =IF(F44="Done", V44*VLOOKUP(E44, $AB$3:$AC$16, 2, FALSE), "") -> 1157.1909 | I44: =IF(F44="Done", V44*VLOOKUP(E44, $AB$3:$AD$16, 3, FALSE), "") -> 4783.0559 | J44: =IF(F44="Done", V44*VLOOKUP(E44, $AB$3:$AE$16, 4, FALSE), "") -> 6.1716851 | U44: {=IF(C44="",INDEX(C39:C44,MATCH(TRUE,INDEX((C39:C44<>""),0),0)),C44)} -> Britoil 63 | V44: =MIN(Y44/21388,1.3) -> 0.77146063 | W44: 16000 | Y44: =INT(VLOOKUP(U44, $AB$30:$AH$101, 7, FALSE)) -> 16500 | AB44: Britoil 72 | AC44: 7216 | AD44: 100 | AE44: 47.00m x 13.60m | AF44: 13.9 | AG44: 0.95940645 | AH44: =$AH$30 *AC44/ $AC$30 -> 22048.889
A45: a | B45: 8 | C45: Britoil 64 | D45: AHT E | E45: ↓ | H45: =IF(F45="Done", V45*VLOOKUP(E45, $AB$3:$AC$16, 2, FALSE), "") | I45: =IF(F45="Done", V45*VLOOKUP(E45, $AB$3:$AD$16, 3, FALSE), "") | J45: =IF(F45="Done", V45*VLOOKUP(E45, $AB$3:$AE$16, 4, FALSE), "") | U45: {=IF(C45="",INDEX(C40:C45,MATCH(TRUE,INDEX((C40:C45<>""),0),0)),C45)} -> Britoil 64 | V45: =MIN(Y45/21388,1.3) -> 0.77146063 | W45: 16000 | Y45: =INT(VLOOKUP(U45, $AB$30:$AH$101, 7, FALSE)) -> 16500 | AB45: Britoil 73 | AC45: 7268 | AD45: 100 | AE45: 52.00m x 15.00m | AF45: 13.8 | AG45: 0.95254223 | AH45: =$AH$30 *AC45/ $AC$30 -> 22207.778
E46: MGPS | F46: Done | H46: =IF(F46="Done", V46*VLOOKUP(E46, $AB$3:$AC$16, 2, FALSE), "") -> 8486.067 | I46: =IF(F46="Done", V46*VLOOKUP(E46, $AB$3:$AD$16, 3, FALSE), "") -> 2468.674 | J46: =IF(F46="Done", V46*VLOOKUP(E46, $AB$3:$AE$16, 4, FALSE), "") -> 49.37348 | U46: {=IF(C46="",INDEX(C43:C46,MATCH(TRUE,INDEX((C43:C46<>""),0),0)),C46)} -> Britoil 64 | V46: =MIN(Y46/21388,1.3) -> 0.77146063 | W46: 16000 | Y46: =INT(VLOOKUP(U46, $AB$30:$AH$101, 7, FALSE)) -> 16500 | AB46: Britoil 74 | AC46: 7268 | AD46: 100 | AE46: 52.00m x 15.00m | AF46: 13.8 | AG46: 0.95254223 | AH46: =$AH$30 *AC46/ $AC$30 -> 22207.778
E47: EFMS | F47: Not Installed | H47: =IF(F47="Done", V47*VLOOKUP(E47, $AB$3:$AC$16, 2, FALSE), "") | I47: =IF(F47="Done", V47*VLOOKUP(E47, $AB$3:$AD$16, 3, FALSE), "") | J47: =IF(F47="Done", V47*VLOOKUP(E47, $AB$3:$AE$16, 4, FALSE), "") | U47: {=IF(C47="",INDEX(C44:C47,MATCH(TRUE,INDEX((C44:C47<>""),0),0)),C47)} -> Britoil 64 | V47: =MIN(Y47/21388,1.3) -> 0.77146063 | W47: 16000 | Y47: =INT(VLOOKUP(U47, $AB$30:$AH$101, 7, FALSE)) -> 16500 | AB47: Britoil 80 | AC47: 8000 | AD47: 110 | AE47: 56.00m x 16.00m | AF47: 13.8 | AG47: 0.95192308 | AH47: =$AH$30 *AC47/ $AC$30 -> 24444.444
E48: LED lights | F48: Not Installed | H48: =IF(F48="Done", V48*VLOOKUP(E48, $AB$3:$AC$16, 2, FALSE), "") | I48: =IF(F48="Done", V48*VLOOKUP(E48, $AB$3:$AD$16, 3, FALSE), "") | J48: =IF(F48="Done", V48*VLOOKUP(E48, $AB$3:$AE$16, 4, FALSE), "") | U48: {=IF(C48="",INDEX(C44:C48,MATCH(TRUE,INDEX((C44:C48<>""),0),0)),C48)} -> Britoil 64 | V48: =MIN(Y48/21388,1.3) -> 0.77146063 | W48: 16000 | Y48: =INT(VLOOKUP(U48, $AB$30:$AH$101, 7, FALSE)) -> 16500 | AB48: Britoil 81 | AC48: 8000 | AD48: 110 | AE48: 56.00m x 16.00m | AF48: 13.8 | AG48: 0.95192308 | AH48: =$AH$30 *AC48/ $AC$30 -> 24444.444
E49: IWTM Filter | F49: No Need | H49: =IF(F49="Done", V49*VLOOKUP(E49, $AB$3:$AC$16, 2, FALSE), "") | I49: =IF(F49="Done", V49*VLOOKUP(E49, $AB$3:$AD$16, 3, FALSE), "") | J49: =IF(F49="Done", V49*VLOOKUP(E49, $AB$3:$AE$16, 4, FALSE), "") | U49: {=IF(C49="",INDEX(C45:C49,MATCH(TRUE,INDEX((C45:C49<>""),0),0)),C49)} -> Britoil 64 | V49: =MIN(Y49/21388,1.3) -> 0.77146063 | W49: 16000 | Y49: =INT(VLOOKUP(U49, $AB$30:$AH$101, 7, FALSE)) -> 16500 | AB49: Britoil 82 | AC49: 8000 | AD49: 106 | AE49: 51.00m x 15.00m | AF49: 13.3 | AG49: 0.91730769 | AH49: =$AH$30 *AC49/ $AC$30 -> 24444.444
A50: a | B50: 9 | C50: Britoil 65 | D50: AHT E | E50: ↓ | H50: =IF(F50="Done", V50*VLOOKUP(E50, $AB$3:$AC$16, 2, FALSE), "") | I50: =IF(F50="Done", V50*VLOOKUP(E50, $AB$3:$AD$16, 3, FALSE), "") | J50: =IF(F50="Done", V50*VLOOKUP(E50, $AB$3:$AE$16, 4, FALSE), "") | U50: {=IF(C50="",INDEX(C46:C50,MATCH(TRUE,INDEX((C46:C50<>""),0),0)),C50)} -> Britoil 65 | V50: =MIN(Y50/21388,1.3) -> 0.77146063 | W50: 16000 | Y50: =INT(VLOOKUP(U50, $AB$30:$AH$101, 7, FALSE)) -> 16500 | AB50: Britoil 120 | AC50: 12240 | AD50: 155 | AE50: 59.00m x 16.00m | AF50: 12.7 | AG50: 0.87669683 | AH50: =$AH$30 *AC50/ $AC$30 -> 37400
E51: MGPS | F51: Done | H51: =IF(F51="Done", V51*VLOOKUP(E51, $AB$3:$AC$16, 2, FALSE), "") -> 8486.067 | I51: =IF(F51="Done", V51*VLOOKUP(E51, $AB$3:$AD$16, 3, FALSE), "") -> 2468.674 | J51: =IF(F51="Done", V51*VLOOKUP(E51, $AB$3:$AE$16, 4, FALSE), "") -> 49.37348 | U51: {=IF(C51="",INDEX(C48:C51,MATCH(TRUE,INDEX((C48:C51<>""),0),0)),C51)} -> Britoil 65 | V51: =MIN(Y51/21388,1.3) -> 0.77146063 | W51: 16000 | Y51: =INT(VLOOKUP(U51, $AB$30:$AH$101, 7, FALSE)) -> 16500 | AB51: Britoil 121 | AC51: 12240 | AD51: 155 | AE51: 59.00m x 16.00m | AF51: 12.7 | AG51: 0.87669683 | AH51: =$AH$30 *AC51/ $AC$30 -> 37400
E52: EFMS | F52: Not Installed | H52: =IF(F52="Done", V52*VLOOKUP(E52, $AB$3:$AC$16, 2, FALSE), "") | I52: =IF(F52="Done", V52*VLOOKUP(E52, $AB$3:$AD$16, 3, FALSE), "") | J52: =IF(F52="Done", V52*VLOOKUP(E52, $AB$3:$AE$16, 4, FALSE), "") | U52: {=IF(C52="",INDEX(C49:C52,MATCH(TRUE,INDEX((C49:C52<>""),0),0)),C52)} -> Britoil 65 | V52: =MIN(Y52/21388,1.3) -> 0.77146063 | W52: 16000 | Y52: =INT(VLOOKUP(U52, $AB$30:$AH$101, 7, FALSE)) -> 16500 | AB52: Britoil Defender | AC52: 9000 | AD52: 85 | AE52: 76.00m x 16.80m | AF52: 9.4 | AG52: 0.65384615 | AH52: =$AH$30 *AC52/ $AC$30 -> 27500
E53: LED lights | F53: Not Installed | H53: =IF(F53="Done", V53*VLOOKUP(E53, $AB$3:$AC$16, 2, FALSE), "") | I53: =IF(F53="Done", V53*VLOOKUP(E53, $AB$3:$AD$16, 3, FALSE), "") | J53: =IF(F53="Done", V53*VLOOKUP(E53, $AB$3:$AE$16, 4, FALSE), "") | U53: {=IF(C53="",INDEX(C49:C53,MATCH(TRUE,INDEX((C49:C53<>""),0),0)),C53)} -> Britoil 65 | V53: =MIN(Y53/21388,1.3) -> 0.77146063 | W53: 16000 | Y53: =INT(VLOOKUP(U53, $AB$30:$AH$101, 7, FALSE)) -> 16500 | AB53: Britoil Destiny | AC53: 6866 | AD53: 90.5 | AE53: 81.00m x 16.80m | AF53: 13.2 | AG53: 0.91252325 | AH53: =$AH$30 *AC53/ $AC$30 -> 20979.444
E54: IWTM Filter | F54: No Need | H54: =IF(F54="Done", V54*VLOOKUP(E54, $AB$3:$AC$16, 2, FALSE), "") | I54: =IF(F54="Done", V54*VLOOKUP(E54, $AB$3:$AD$16, 3, FALSE), "") | J54: =IF(F54="Done", V54*VLOOKUP(E54, $AB$3:$AE$16, 4, FALSE), "") | U54: {=IF(C54="",INDEX(C50:C54,MATCH(TRUE,INDEX((C50:C54<>""),0),0)),C54)} -> Britoil 65 | V54: =MIN(Y54/21388,1.3) -> 0.77146063 | W54: 16000 | Y54: =INT(VLOOKUP(U54, $AB$30:$AH$101, 7, FALSE)) -> 16500 | AB54: Britoil Discovery | AC54: 7000 | AD54: 90 | AE54: 65.00m x 16.80m | AF54: 12.9 | AG54: 0.89010989 | AH54: =$AH$30 *AC54/ $AC$30 -> 21388.889
A55: a | B55: 10 | C55: Britoil 66 | D55: AHT E | E55: ↓ | H55: =IF(F55="Done", V55*VLOOKUP(E55, $AB$3:$AC$16, 2, FALSE), "") | I55: =IF(F55="Done", V55*VLOOKUP(E55, $AB$3:$AD$16, 3, FALSE), "") | J55: =IF(F55="Done", V55*VLOOKUP(E55, $AB$3:$AE$16, 4, FALSE), "") | U55: {=IF(C55="",INDEX(C51:C55,MATCH(TRUE,INDEX((C51:C55<>""),0),0)),C55)} -> Britoil 66 | V55: =MIN(Y55/21388,1.3) -> 0.77146063 | W55: 16000 | Y55: =INT(VLOOKUP(U55, $AB$30:$AH$101, 7, FALSE)) -> 16500 | AB55: Britoil Dragon | AC55: 6866 | AD55: 90.2 | AE55: 81.00m x 16.80m | AF55: 13.1 | AG55: 0.90949831 | AH55: =$AH$30 *AC55/ $AC$30 -> 20979.444
E56: MGPS | F56: Done | H56: =IF(F56="Done", V56*VLOOKUP(E56, $AB$3:$AC$16, 2, FALSE), "") -> 8486.067 | I56: =IF(F56="Done", V56*VLOOKUP(E56, $AB$3:$AD$16, 3, FALSE), "") -> 2468.674 | J56: =IF(F56="Done", V56*VLOOKUP(E56, $AB$3:$AE$16, 4, FALSE), "") -> 49.37348 | U56: {=IF(C56="",INDEX(C53:C56,MATCH(TRUE,INDEX((C53:C56<>""),0),0)),C56)} -> Britoil 66 | V56: =MIN(Y56/21388,1.3) -> 0.77146063 | W56: 16000 | Y56: =INT(VLOOKUP(U56, $AB$30:$AH$101, 7, FALSE)) -> 16500 | AB56: Britoil Defiance | AC56: 8000 | AD56: 116 | AE56: 73.00m x 17.20m | AF56: 14.5 | AG56: 1.0038462 | AH56: =$AH$30 *AC56/ $AC$30 -> 24444.444
E57: EFMS | F57: Not Installed | H57: =IF(F57="Done", V57*VLOOKUP(E57, $AB$3:$AC$16, 2, FALSE), "") | I57: =IF(F57="Done", V57*VLOOKUP(E57, $AB$3:$AD$16, 3, FALSE), "") | J57: =IF(F57="Done", V57*VLOOKUP(E57, $AB$3:$AE$16, 4, FALSE), "") | U57: {=IF(C57="",INDEX(C54:C57,MATCH(TRUE,INDEX((C54:C57<>""),0),0)),C57)} -> Britoil 66 | V57: =MIN(Y57/21388,1.3) -> 0.77146063 | W57: 16000 | Y57: =INT(VLOOKUP(U57, $AB$30:$AH$101, 7, FALSE)) -> 16500 | AB57: BOS Ares | AC57: 5150 | AD57: 65 | AE57: 59.25m x 14.95m | AF57: 12.6 | AG57: 0.87378641 | AH57: =$AH$30 *AC57/ $AC$30 -> 15736.111
E58: LED lights | F58: Not Installed | H58: =IF(F58="Done", V58*VLOOKUP(E58, $AB$3:$AC$16, 2, FALSE), "") | I58: =IF(F58="Done", V58*VLOOKUP(E58, $AB$3:$AD$16, 3, FALSE), "") | J58: =IF(F58="Done", V58*VLOOKUP(E58, $AB$3:$AE$16, 4, FALSE), "") | U58: {=IF(C58="",INDEX(C54:C58,MATCH(TRUE,INDEX((C54:C58<>""),0),0)),C58)} -> Britoil 66 | V58: =MIN(Y58/21388,1.3) -> 0.77146063 | W58: 16000 | Y58: =INT(VLOOKUP(U58, $AB$30:$AH$101, 7, FALSE)) -> 16500 | AB58: BOS Athena | AC58: 5150 | AD58: 66 | AE58: 59.25m x 14.95m | AF58: 12.8 | AG58: 0.88722928 | AH58: =$AH$30 *AC58/ $AC$30 -> 15736.111
E59: IWTM Filter | F59: Done | G59: 45784 | H59: =IF(F59="Done", V59*VLOOKUP(E59, $AB$3:$AC$16, 2, FALSE), "") -> 1157.1909 | I59: =IF(F59="Done", V59*VLOOKUP(E59, $AB$3:$AD$16, 3, FALSE), "") -> 4783.0559 | J59: =IF(F59="Done", V59*VLOOKUP(E59, $AB$3:$AE$16, 4, FALSE), "") -> 6.1716851 | U59: {=IF(C59="",INDEX(C55:C59,MATCH(TRUE,INDEX((C55:C59<>""),0),0)),C59)} -> Britoil 66 | V59: =MIN(Y59/21388,1.3) -> 0.77146063 | W59: 16000 | Y59: =INT(VLOOKUP(U59, $AB$30:$AH$101, 7, FALSE)) -> 16500 | AB59: BOS Atlanta | AC59: 5150 | AD59: 65 | AE59: 59.25m x 14.95m | AF59: 12.6 | AG59: 0.87378641 | AH59: =$AH$30 *AC59/ $AC$30 -> 15736.111
A60: a | B60: 11 | C60: Britoil 67 | D60: AHT E | E60: ↓ | H60: =IF(F60="Done", V60*VLOOKUP(E60, $AB$3:$AC$16, 2, FALSE), "") | I60: =IF(F60="Done", V60*VLOOKUP(E60, $AB$3:$AD$16, 3, FALSE), "") | J60: =IF(F60="Done", V60*VLOOKUP(E60, $AB$3:$AE$16, 4, FALSE), "") | K60: Bunyamin Makkawaru M | U60: {=IF(C60="",INDEX(C56:C60,MATCH(TRUE,INDEX((C56:C60<>""),0),0)),C60)} -> Britoil 67 | V60: =MIN(Y60/21388,1.3) -> 0.77146063 | W60: 16000 | Y60: =INT(VLOOKUP(U60, $AB$30:$AH$101, 7, FALSE)) -> 16500 | AB60: BOS Atlas | AC60: 5150 | AD60: 70 | AE60: 59.25m x 14.95m | AF60: 13.6 | AG60: 0.94100075 | AH60: =$AH$30 *AC60/ $AC$30 -> 15736.111
E61: MGPS | F61: Done | H61: =IF(F61="Done", V61*VLOOKUP(E61, $AB$3:$AC$16, 2, FALSE), "") -> 8486.067 | I61: =IF(F61="Done", V61*VLOOKUP(E61, $AB$3:$AD$16, 3, FALSE), "") -> 2468.674 | J61: =IF(F61="Done", V61*VLOOKUP(E61, $AB$3:$AE$16, 4, FALSE), "") -> 49.37348 | L61: We don’t have EFMS onboard Britoil 67, We are used only FO Flow Meter with Data: NITTO SEIKO. Liters x 10. | U61: {=IF(C61="",INDEX(C58:C61,MATCH(TRUE,INDEX((C58:C61<>""),0),0)),C61)} -> Britoil 67 | V61: =MIN(Y61/21388,1.3) -> 0.77146063 | W61: 16000 | Y61: =INT(VLOOKUP(U61, $AB$30:$AH$101, 7, FALSE)) -> 16500 | AB61: BOS Challenge | AC61: 6500 | AD61: 88 | AE61: 65.00m x 16.40m | AF61: 13.5 | AG61: 0.93727811 | AH61: =$AH$30 *AC61/ $AC$30 -> 19861.111
E62: EFMS | F62: Not Installed | H62: =IF(F62="Done", V62*VLOOKUP(E62, $AB$3:$AC$16, 2, FALSE), "") | I62: =IF(F62="Done", V62*VLOOKUP(E62, $AB$3:$AD$16, 3, FALSE), "") | J62: =IF(F62="Done", V62*VLOOKUP(E62, $AB$3:$AE$16, 4, FALSE), "") | U62: {=IF(C62="",INDEX(C59:C62,MATCH(TRUE,INDEX((C59:C62<>""),0),0)),C62)} -> Britoil 67 | V62: =MIN(Y62/21388,1.3) -> 0.77146063 | W62: 16000 | Y62: =INT(VLOOKUP(U62, $AB$30:$AH$101, 7, FALSE)) -> 16500 | AB62: BOS Champion | AC62: 6500 | AD62: 85 | AE62: 65.00m x 16.40m | AF62: 13.1 | AG62: 0.90532544 | AH62: =$AH$30 *AC62/ $AC$30 -> 19861.111
E63: LED lights | F63: Not Installed | H63: =IF(F63="Done", V63*VLOOKUP(E63, $AB$3:$AC$16, 2, FALSE), "") | I63: =IF(F63="Done", V63*VLOOKUP(E63, $AB$3:$AD$16, 3, FALSE), "") | J63: =IF(F63="Done", V63*VLOOKUP(E63, $AB$3:$AE$16, 4, FALSE), "") | U63: {=IF(C63="",INDEX(C60:C63,MATCH(TRUE,INDEX((C60:C63<>""),0),0)),C63)} -> Britoil 67 | V63: =MIN(Y63/21388,1.3) -> 0.77146063 | W63: 16000 | Y63: =INT(VLOOKUP(U63, $AB$30:$AH$101, 7, FALSE)) -> 16500 | AB63: BOS Aphrodite | AC63: 5150 | AD63: 65 | AE63: 59.25m x 14.95m | AF63: 12.6 | AG63: 0.87378641 | AH63: =$AH$30 *AC63/ $AC$30 -> 15736.111
E64: IWTM Filter | F64: Done | H64: =IF(F64="Done", V64*VLOOKUP(E64, $AB$3:$AC$16, 2, FALSE), "") -> 1157.1909 | I64: =IF(F64="Done", V64*VLOOKUP(E64, $AB$3:$AD$16, 3, FALSE), "") -> 4783.0559 | J64: =IF(F64="Done", V64*VLOOKUP(E64, $AB$3:$AE$16, 4, FALSE), "") -> 6.1716851 | U64: {=IF(C64="",INDEX(C60:C64,MATCH(TRUE,INDEX((C60:C64<>""),0),0)),C64)} -> Britoil 67 | V64: =MIN(Y64/21388,1.3) -> 0.77146063 | W64: 16000 | Y64: =INT(VLOOKUP(U64, $AB$30:$AH$101, 7, FALSE)) -> 16500 | AB64: BOS Apollo | AC64: 5150 | AD64: 65.3 | AE64: 59.25m x 14.95m | AF64: 12.7 | AG64: 0.87781927 | AH64: =$AH$30 *AC64/ $AC$30 -> 15736.111
A65: a | B65: 12 | C65: Britoil 70 | D65: AHT E | E65: ↓ | H65: =IF(F65="Done", V65*VLOOKUP(E65, $AB$3:$AC$16, 2, FALSE), "") | I65: =IF(F65="Done", V65*VLOOKUP(E65, $AB$3:$AD$16, 3, FALSE), "") | J65: =IF(F65="Done", V65*VLOOKUP(E65, $AB$3:$AE$16, 4, FALSE), "") | K65: YUSAK AGUS KRISTIYANTO | U65: {=IF(C65="",INDEX(C61:C65,MATCH(TRUE,INDEX((C61:C65<>""),0),0)),C65)} -> Britoil 70 | V65: =MIN(Y65/21388,1.3) -> 1.0308584 | W65: 20000 | Y65: =INT(VLOOKUP(U65, $AB$30:$AH$101, 7, FALSE)) -> 22048 | AB65: BOS Athos | AC65: 5150 | AD65: 69.2 | AE65: 59.25m x 14.95m | AF65: 13.4 | AG65: 0.93024645 | AH65: =$AH$30 *AC65/ $AC$30 -> 15736.111
E66: MGPS | F66: Done | H66: =IF(F66="Done", V66*VLOOKUP(E66, $AB$3:$AC$16, 2, FALSE), "") -> 11339.443 | I66: =IF(F66="Done", V66*VLOOKUP(E66, $AB$3:$AD$16, 3, FALSE), "") -> 3298.747 | J66: =IF(F66="Done", V66*VLOOKUP(E66, $AB$3:$AE$16, 4, FALSE), "") -> 65.974939 | U66: {=IF(C66="",INDEX(C62:C66,MATCH(TRUE,INDEX((C62:C66<>""),0),0)),C66)} -> Britoil 70 | V66: =MIN(Y66/21388,1.3) -> 1.0308584 | W66: 20000 | Y66: =INT(VLOOKUP(U66, $AB$30:$AH$101, 7, FALSE)) -> 22048 | AB66: BOS Chablis | AC66: 6500 | AD66: 92 | AE66: 65.00m x 16.00m | AF66: 14.2 | AG66: 0.97988166 | AH66: =$AH$30 *AC66/ $AC$30 -> 19861.111
E67: EFMS | F67: Not Installed | H67: =IF(F67="Done", V67*VLOOKUP(E67, $AB$3:$AC$16, 2, FALSE), "") | I67: =IF(F67="Done", V67*VLOOKUP(E67, $AB$3:$AD$16, 3, FALSE), "") | J67: =IF(F67="Done", V67*VLOOKUP(E67, $AB$3:$AE$16, 4, FALSE), "") | L67: Fueltrax but doesn’t work+no subscription | U67: {=IF(C67="",INDEX(C63:C67,MATCH(TRUE,INDEX((C63:C67<>""),0),0)),C67)} -> Britoil 70 | V67: =MIN(Y67/21388,1.3) -> 1.0308584 | W67: 20000 | Y67: =INT(VLOOKUP(U67, $AB$30:$AH$101, 7, FALSE)) -> 22048 | AB67: BOS Champagne | AC67: 6500 | AD67: 87.3 | AE67: 65.00m x 16.00m | AF67: 13.4 | AG67: 0.92982248 | AH67: =$AH$30 *AC67/ $AC$30 -> 19861.111
E68: LED lights | F68: Done | H68: =IF(F68="Done", V68*VLOOKUP(E68, $AB$3:$AC$16, 2, FALSE), "") -> 8556.1249 | I68: =IF(F68="Done", V68*VLOOKUP(E68, $AB$3:$AD$16, 3, FALSE), "") -> 4123.4337 | J68: =IF(F68="Done", V68*VLOOKUP(E68, $AB$3:$AE$16, 4, FALSE), "") -> 87.622966 | L68: LED for flood lights | U68: {=IF(C68="",INDEX(C64:C68,MATCH(TRUE,INDEX((C64:C68<>""),0),0)),C68)} -> Britoil 70 | V68: =MIN(Y68/21388,1.3) -> 1.0308584 | W68: 20000 | Y68: =INT(VLOOKUP(U68, $AB$30:$AH$101, 7, FALSE)) -> 22048 | AB68: BOS Hestia | AC68: 5150 | AD68: 68.4 | AE68: 59.25m x 14.95m | AF68: 13.3 | AG68: 0.91949216 | AH68: =$AH$30 *AC68/ $AC$30 -> 15736.111
E69: IWTM Filter | F69: No Need | H69: =IF(F69="Done", V69*VLOOKUP(E69, $AB$3:$AC$16, 2, FALSE), "") | I69: =IF(F69="Done", V69*VLOOKUP(E69, $AB$3:$AD$16, 3, FALSE), "") | J69: =IF(F69="Done", V69*VLOOKUP(E69, $AB$3:$AE$16, 4, FALSE), "") | U69: {=IF(C69="",INDEX(C65:C69,MATCH(TRUE,INDEX((C65:C69<>""),0),0)),C69)} -> Britoil 70 | V69: =MIN(Y69/21388,1.3) -> 1.0308584 | W69: 20000 | Y69: =INT(VLOOKUP(U69, $AB$30:$AH$101, 7, FALSE)) -> 22048 | AB69: BOS Tethys | AC69: 5150 | AD69: 66.3 | AE69: 59.25m x 14.95m | AF69: 12.9 | AG69: 0.89126214 | AH69: =$AH$30 *AC69/ $AC$30 -> 15736.111
A70: a | B70: 13 | C70: Britoil 71 | D70: AHT E | E70: ↓ | H70: =IF(F70="Done", V70*VLOOKUP(E70, $AB$3:$AC$16, 2, FALSE), "") | I70: =IF(F70="Done", V70*VLOOKUP(E70, $AB$3:$AD$16, 3, FALSE), "") | J70: =IF(F70="Done", V70*VLOOKUP(E70, $AB$3:$AE$16, 4, FALSE), "") | U70: {=IF(C70="",INDEX(C66:C70,MATCH(TRUE,INDEX((C66:C70<>""),0),0)),C70)} -> Britoil 71 | V70: =MIN(Y70/21388,1.3) -> 1.0308584 | W70: 20000 | Y70: =INT(VLOOKUP(U70, $AB$30:$AH$101, 7, FALSE)) -> 22048 | AB70: BOS Thalassa | AC70: 5150 | AD70: 69.5 | AE70: 59.25m x 14.95m | AF70: 13.5 | AG70: 0.93427931 | AH70: =$AH$30 *AC70/ $AC$30 -> 15736.111
E71: MGPS | F71: Done | H71: =IF(F71="Done", V71*VLOOKUP(E71, $AB$3:$AC$16, 2, FALSE), "") -> 11339.443 | I71: =IF(F71="Done", V71*VLOOKUP(E71, $AB$3:$AD$16, 3, FALSE), "") -> 3298.747 | J71: =IF(F71="Done", V71*VLOOKUP(E71, $AB$3:$AE$16, 4, FALSE), "") -> 65.974939 | U71: {=IF(C71="",INDEX(C67:C71,MATCH(TRUE,INDEX((C67:C71<>""),0),0)),C71)} -> Britoil 71 | V71: =MIN(Y71/21388,1.3) -> 1.0308584 | W71: 20000 | Y71: =INT(VLOOKUP(U71, $AB$30:$AH$101, 7, FALSE)) -> 22048 | AB71: BOS Theia | AC71: 5150 | AD71: 69.1 | AE71: 59.25m x 14.95m | AF71: 13.4 | AG71: 0.92890217 | AH71: =$AH$30 *AC71/ $AC$30 -> 15736.111
E72: AI CCTV | F72: Done | H72: =IF(F72="Done", V72*VLOOKUP(E72, $AB$3:$AC$16, 2, FALSE), "") -> 0 | I72: =IF(F72="Done", V72*VLOOKUP(E72, $AB$3:$AD$16, 3, FALSE), "") -> 3092.5753 | J72: =IF(F72="Done", V72*VLOOKUP(E72, $AB$3:$AE$16, 4, FALSE), "") -> 0 | U72: {=IF(C72="",INDEX(C68:C72,MATCH(TRUE,INDEX((C68:C72<>""),0),0)),C72)} -> Britoil 71 | V72: =MIN(Y72/21388,1.3) -> 1.0308584 | W72: 20001 | Y72: =INT(VLOOKUP(U72, $AB$30:$AH$101, 7, FALSE)) -> 22048 | AB72: MWV Falgout | AC72: 5150 | AD72: 69.1 | AE72: 59.25m x 14.95m | AF72: 13.4 | AG72: 0.92890217 | AH72: =$AH$30 *AC72/ $AC$30 -> 15736.111
E73: EFMS | F73: Not Installed | H73: =IF(F73="Done", V73*VLOOKUP(E73, $AB$3:$AC$16, 2, FALSE), "") | I73: =IF(F73="Done", V73*VLOOKUP(E73, $AB$3:$AD$16, 3, FALSE), "") | J73: =IF(F73="Done", V73*VLOOKUP(E73, $AB$3:$AE$16, 4, FALSE), "") | U73: {=IF(C73="",INDEX(C68:C73,MATCH(TRUE,INDEX((C68:C73<>""),0),0)),C73)} -> Britoil 71 | V73: =MIN(Y73/21388,1.3) -> 1.0308584 | W73: 20000 | Y73: =INT(VLOOKUP(U73, $AB$30:$AH$101, 7, FALSE)) -> 22048 | AB73: BOS Triton | AC73: 5150 | AD73: 69.9 | AE73: 59.25m x 14.95m | AF73: 13.6 | AG73: 0.93965646 | AH73: =$AH$30 *AC73/ $AC$30 -> 15736.111
E74: LED lights | F74: Not Installed | H74: =IF(F74="Done", V74*VLOOKUP(E74, $AB$3:$AC$16, 2, FALSE), "") | I74: =IF(F74="Done", V74*VLOOKUP(E74, $AB$3:$AD$16, 3, FALSE), "") | J74: =IF(F74="Done", V74*VLOOKUP(E74, $AB$3:$AE$16, 4, FALSE), "") | U74: {=IF(C74="",INDEX(C69:C74,MATCH(TRUE,INDEX((C69:C74<>""),0),0)),C74)} -> Britoil 71 | V74: =MIN(Y74/21388,1.3) -> 1.0308584 | W74: 20000 | Y74: =INT(VLOOKUP(U74, $AB$30:$AH$101, 7, FALSE)) -> 22048 | AB74: BOS Tramontana | AC74: 1971 | AD74: NA | AE74: 32.50m x 7.90m | AF74: 15 | AG74: 1.0384615 | AH74: =$AH$30 *AC74/ $AC$30 -> 6022.5
E75: IWTM Filter | F75: No Need | H75: =IF(F75="Done", V75*VLOOKUP(E75, $AB$3:$AC$16, 2, FALSE), "") | I75: =IF(F75="Done", V75*VLOOKUP(E75, $AB$3:$AD$16, 3, FALSE), "") | J75: =IF(F75="Done", V75*VLOOKUP(E75, $AB$3:$AE$16, 4, FALSE), "") | U75: {=IF(C75="",INDEX(C70:C75,MATCH(TRUE,INDEX((C70:C75<>""),0),0)),C75)} -> Britoil 71 | V75: =MIN(Y75/21388,1.3) -> 1.0308584 | W75: 20000 | Y75: =INT(VLOOKUP(U75, $AB$30:$AH$101, 7, FALSE)) -> 22048 | AB75: Britoil Diamond | AC75: 6866 | AD75: 90 | AE75: 32.50m x 7.90m | AF75: 15 | AG75: 1.0384615 | AH75: =$AH$30 *AC75/ $AC$30 -> 20979.444
A76: a | B76: 14 | C76: Britoil 72 | D76: AHT E | E76: ↓ | H76: =IF(F76="Done", V76*VLOOKUP(E76, $AB$3:$AC$16, 2, FALSE), "") | I76: =IF(F76="Done", V76*VLOOKUP(E76, $AB$3:$AD$16, 3, FALSE), "") | J76: =IF(F76="Done", V76*VLOOKUP(E76, $AB$3:$AE$16, 4, FALSE), "") | U76: {=IF(C76="",INDEX(C71:C76,MATCH(TRUE,INDEX((C71:C76<>""),0),0)),C76)} -> Britoil 72 | V76: =MIN(Y76/21388,1.3) -> 1.0308584 | W76: 20000 | Y76: =INT(VLOOKUP(U76, $AB$30:$AH$101, 7, FALSE)) -> 22048 | AB76: Britoil Journey | AC76: 7000 | AD76: 610 sqm | AE76: 71.50m x 15.00m | AH76: =$AH$30 *AC76/ $AC$30 -> 21388.889
E77: MGPS | F77: Done | H77: =IF(F77="Done", V77*VLOOKUP(E77, $AB$3:$AC$16, 2, FALSE), "") -> 11339.443 | I77: =IF(F77="Done", V77*VLOOKUP(E77, $AB$3:$AD$16, 3, FALSE), "") -> 3298.747 | J77: =IF(F77="Done", V77*VLOOKUP(E77, $AB$3:$AE$16, 4, FALSE), "") -> 65.974939 | U77: {=IF(C77="",INDEX(C73:C77,MATCH(TRUE,INDEX((C73:C77<>""),0),0)),C77)} -> Britoil 72 | V77: =MIN(Y77/21388,1.3) -> 1.0308584 | W77: 20000 | Y77: =INT(VLOOKUP(U77, $AB$30:$AH$101, 7, FALSE)) -> 22048 | AB77: Britoil Justice | AC77: 7000 | AD77: 610 sqm | AE77: 71.50m x 15.00m | AH77: =$AH$30 *AC77/ $AC$30 -> 21388.889
E78: EFMS | F78: Done | H78: =IF(F78="Done", V78*VLOOKUP(E78, $AB$3:$AC$16, 2, FALSE), "") -> 16493.735 | I78: =IF(F78="Done", V78*VLOOKUP(E78, $AB$3:$AD$16, 3, FALSE), "") -> 1030.8584 | J78: =IF(F78="Done", V78*VLOOKUP(E78, $AB$3:$AE$16, 4, FALSE), "") -> 95.869834 | L78: fueltrax with compiter monitoring | U78: {=IF(C78="",INDEX(C74:C78,MATCH(TRUE,INDEX((C74:C78<>""),0),0)),C78)} -> Britoil 72 | V78: =MIN(Y78/21388,1.3) -> 1.0308584 | W78: 20000 | Y78: =INT(VLOOKUP(U78, $AB$30:$AH$101, 7, FALSE)) -> 22048 | AB78: BOS Pride | AC78: 8000 | AD78: 750 sqm | AE78: 80.00m x 18.40m | AH78: =$AH$30 *AC78/ $AC$30 -> 24444.444
E79: LED lights | F79: Done | H79: =IF(F79="Done", V79*VLOOKUP(E79, $AB$3:$AC$16, 2, FALSE), "") -> 8556.1249 | I79: =IF(F79="Done", V79*VLOOKUP(E79, $AB$3:$AD$16, 3, FALSE), "") -> 4123.4337 | J79: =IF(F79="Done", V79*VLOOKUP(E79, $AB$3:$AE$16, 4, FALSE), "") -> 87.622966 | U79: {=IF(C79="",INDEX(C75:C79,MATCH(TRUE,INDEX((C75:C79<>""),0),0)),C79)} -> Britoil 72 | V79: =MIN(Y79/21388,1.3) -> 1.0308584 | W79: 20000 | Y79: =INT(VLOOKUP(U79, $AB$30:$AH$101, 7, FALSE)) -> 22048 | AB79: BOS Pool | AC79: 6000 | AD79: 620 sqm | AE79: 71.85m x 16.00m | AH79: =$AH$30 *AC79/ $AC$30 -> 18333.333
E80: IWTM Filter | F80: No Need | H80: =IF(F80="Done", V80*VLOOKUP(E80, $AB$3:$AC$16, 2, FALSE), "") | I80: =IF(F80="Done", V80*VLOOKUP(E80, $AB$3:$AD$16, 3, FALSE), "") | J80: =IF(F80="Done", V80*VLOOKUP(E80, $AB$3:$AE$16, 4, FALSE), "") | U80: {=IF(C80="",INDEX(C76:C80,MATCH(TRUE,INDEX((C76:C80<>""),0),0)),C80)} -> Britoil 72 | V80: =MIN(Y80/21388,1.3) -> 1.0308584 | W80: 20000 | Y80: =INT(VLOOKUP(U80, $AB$30:$AH$101, 7, FALSE)) -> 22048 | AB80: BOS Base | AC80: 6000 | AD80: 620 sqm | AE80: 71.85m x 16.00m | AH80: =$AH$30 *AC80/ $AC$30 -> 18333.333
A81: a | B81: 15 | C81: Britoil 73 | D81: AHT E | E81: ↓ | H81: =IF(F81="Done", V81*VLOOKUP(E81, $AB$3:$AC$16, 2, FALSE), "") | I81: =IF(F81="Done", V81*VLOOKUP(E81, $AB$3:$AD$16, 3, FALSE), "") | J81: =IF(F81="Done", V81*VLOOKUP(E81, $AB$3:$AE$16, 4, FALSE), "") | K81: CE Angelito Pedregosa ecr.britoil73@ship.britoil.com.sg | U81: {=IF(C81="",INDEX(C77:C81,MATCH(TRUE,INDEX((C77:C81<>""),0),0)),C81)} -> Britoil 73 | V81: =MIN(Y81/21388,1.3) -> 1.0382925 | W81: 20000 | Y81: =INT(VLOOKUP(U81, $AB$30:$AH$101, 7, FALSE)) -> 22207 | AB81: BOS Patience | AC81: 8200 | AD81: 850 sqm | AE81: 83.40m x 18.00m | AH81: =$AH$30 *AC81/ $AC$30 -> 25055.556
E82: MGPS | F82: Done | H82: =IF(F82="Done", V82*VLOOKUP(E82, $AB$3:$AC$16, 2, FALSE), "") -> 11421.218 | I82: =IF(F82="Done", V82*VLOOKUP(E82, $AB$3:$AD$16, 3, FALSE), "") -> 3322.536 | J82: =IF(F82="Done", V82*VLOOKUP(E82, $AB$3:$AE$16, 4, FALSE), "") -> 66.45072 | U82: {=IF(C82="",INDEX(C78:C82,MATCH(TRUE,INDEX((C78:C82<>""),0),0)),C82)} -> Britoil 73 | V82: =MIN(Y82/21388,1.3) -> 1.0382925 | W82: 20000 | Y82: =INT(VLOOKUP(U82, $AB$30:$AH$101, 7, FALSE)) -> 22207 | AB82: BOS Patriot | AC82: 8200 | AD82: 850 sqm | AE82: 83.40m x 18.00m | AH82: =$AH$30 *AC82/ $AC$30 -> 25055.556
E83: EFMS | F83: Done | H83: =IF(F83="Done", V83*VLOOKUP(E83, $AB$3:$AC$16, 2, FALSE), "") -> 16612.68 | I83: =IF(F83="Done", V83*VLOOKUP(E83, $AB$3:$AD$16, 3, FALSE), "") -> 1038.2925 | J83: =IF(F83="Done", V83*VLOOKUP(E83, $AB$3:$AE$16, 4, FALSE), "") -> 96.561203 | L83: fueltrax with compiter monitoring | U83: {=IF(C83="",INDEX(C79:C83,MATCH(TRUE,INDEX((C79:C83<>""),0),0)),C83)} -> Britoil 73 | V83: =MIN(Y83/21388,1.3) -> 1.0382925 | W83: 20000 | Y83: =INT(VLOOKUP(U83, $AB$30:$AH$101, 7, FALSE)) -> 22207 | AB83: BOS Precious | AC83: 6500 | AD83: 708 sqm | AE83: 73.60m x 16.00m | AH83: =$AH$30 *AC83/ $AC$30 -> 19861.111
E84: LED lights | F84: Not Installed | H84: =IF(F84="Done", V84*VLOOKUP(E84, $AB$3:$AC$16, 2, FALSE), "") | I84: =IF(F84="Done", V84*VLOOKUP(E84, $AB$3:$AD$16, 3, FALSE), "") | J84: =IF(F84="Done", V84*VLOOKUP(E84, $AB$3:$AE$16, 4, FALSE), "") | U84: {=IF(C84="",INDEX(C80:C84,MATCH(TRUE,INDEX((C80:C84<>""),0),0)),C84)} -> Britoil 73 | V84: =MIN(Y84/21388,1.3) -> 1.0382925 | W84: 20000 | Y84: =INT(VLOOKUP(U84, $AB$30:$AH$101, 7, FALSE)) -> 22207 | AB84: BOS Prelude | AC84: 6500 | AD84: 708 sqm | AE84: 73.60m x 16.00m | AH84: =$AH$30 *AC84/ $AC$30 -> 19861.111
E85: IWTM Filter | F85: No Need | H85: =IF(F85="Done", V85*VLOOKUP(E85, $AB$3:$AC$16, 2, FALSE), "") | I85: =IF(F85="Done", V85*VLOOKUP(E85, $AB$3:$AD$16, 3, FALSE), "") | J85: =IF(F85="Done", V85*VLOOKUP(E85, $AB$3:$AE$16, 4, FALSE), "") | U85: {=IF(C85="",INDEX(C81:C85,MATCH(TRUE,INDEX((C81:C85<>""),0),0)),C85)} -> Britoil 73 | V85: =MIN(Y85/21388,1.3) -> 1.0382925 | W85: 20000 | Y85: =INT(VLOOKUP(U85, $AB$30:$AH$101, 7, FALSE)) -> 22207 | AB85: BOS Prime | AC85: 7000 | AD85: 750 sqm | AE85: 80.00m x 18.40m | AH85: =$AH$30 *AC85/ $AC$30 -> 21388.889
A86: a | B86: 16 | C86: Britoil 74 | D86: AHT E | E86: ↓ | H86: =IF(F86="Done", V86*VLOOKUP(E86, $AB$3:$AC$16, 2, FALSE), "") | I86: =IF(F86="Done", V86*VLOOKUP(E86, $AB$3:$AD$16, 3, FALSE), "") | J86: =IF(F86="Done", V86*VLOOKUP(E86, $AB$3:$AE$16, 4, FALSE), "") | K86: Cheng britoil 74(cheng) | U86: {=IF(C86="",INDEX(C82:C86,MATCH(TRUE,INDEX((C82:C86<>""),0),0)),C86)} -> Britoil 74 | V86: =MIN(Y86/21388,1.3) -> 1.0382925 | W86: 20000 | Y86: =INT(VLOOKUP(U86, $AB$30:$AH$101, 7, FALSE)) -> 22207 | AB86: BOS Principle | AC86: 7000 | AD86: 750 sqm | AE86: 80.00m x 18.40m | AH86: =$AH$30 *AC86/ $AC$30 -> 21388.889
E87: MGPS | F87: Done | G87: 43983 | H87: =IF(F87="Done", V87*VLOOKUP(E87, $AB$3:$AC$16, 2, FALSE), "") -> 11421.218 | I87: =IF(F87="Done", V87*VLOOKUP(E87, $AB$3:$AD$16, 3, FALSE), "") -> 3322.536 | J87: =IF(F87="Done", V87*VLOOKUP(E87, $AB$3:$AE$16, 4, FALSE), "") -> 66.45072 | U87: {=IF(C87="",INDEX(C83:C87,MATCH(TRUE,INDEX((C83:C87<>""),0),0)),C87)} -> Britoil 74 | V87: =MIN(Y87/21388,1.3) -> 1.0382925 | W87: 20000 | Y87: =INT(VLOOKUP(U87, $AB$30:$AH$101, 7, FALSE)) -> 22207 | AB87: BOS Prudence | AC87: 6600 | AD87: 700 sqm | AE87: 75.00m x 17.25m | AH87: =$AH$30 *AC87/ $AC$30 -> 20166.667
E88: EFMS | F88: Not Installed | H88: =IF(F88="Done", V88*VLOOKUP(E88, $AB$3:$AC$16, 2, FALSE), "") | I88: =IF(F88="Done", V88*VLOOKUP(E88, $AB$3:$AD$16, 3, FALSE), "") | J88: =IF(F88="Done", V88*VLOOKUP(E88, $AB$3:$AE$16, 4, FALSE), "") | U88: {=IF(C88="",INDEX(C84:C88,MATCH(TRUE,INDEX((C84:C88<>""),0),0)),C88)} -> Britoil 74 | V88: =MIN(Y88/21388,1.3) -> 1.0382925 | W88: 20000 | Y88: =INT(VLOOKUP(U88, $AB$30:$AH$101, 7, FALSE)) -> 22207 | AB88: BOS Purpose | AC88: 6600 | AD88: 700 sqm | AE88: 75.00m x 17.25m | AH88: =$AH$30 *AC88/ $AC$30 -> 20166.667
E89: LED lights | F89: Done | H89: =IF(F89="Done", V89*VLOOKUP(E89, $AB$3:$AC$16, 2, FALSE), "") -> 8617.8278 | I89: =IF(F89="Done", V89*VLOOKUP(E89, $AB$3:$AD$16, 3, FALSE), "") -> 4153.17 | J89: =IF(F89="Done", V89*VLOOKUP(E89, $AB$3:$AE$16, 4, FALSE), "") -> 88.254863 | U89: {=IF(C89="",INDEX(C85:C89,MATCH(TRUE,INDEX((C85:C89<>""),0),0)),C89)} -> Britoil 74 | V89: =MIN(Y89/21388,1.3) -> 1.0382925 | W89: 20000 | Y89: =INT(VLOOKUP(U89, $AB$30:$AH$101, 7, FALSE)) -> 22207 | AB89: ENA Habitat | AC89: 6000 | AD89: 701 sqm | AE89: 75.00m x 17.25m | AH89: =$AH$30 *AC89/ $AC$30 -> 18333.333
E90: IWTM Filter | F90: No Need | H90: =IF(F90="Done", V90*VLOOKUP(E90, $AB$3:$AC$16, 2, FALSE), "") | I90: =IF(F90="Done", V90*VLOOKUP(E90, $AB$3:$AD$16, 3, FALSE), "") | J90: =IF(F90="Done", V90*VLOOKUP(E90, $AB$3:$AE$16, 4, FALSE), "") | U90: {=IF(C90="",INDEX(C86:C90,MATCH(TRUE,INDEX((C86:C90<>""),0),0)),C90)} -> Britoil 74 | V90: =MIN(Y90/21388,1.3) -> 1.0382925 | W90: 20000 | Y90: =INT(VLOOKUP(U90, $AB$30:$AH$101, 7, FALSE)) -> 22207 | AB90: Nautical Aisia | AC90: 6000 | AD90: 703 sqm | AE90: 75.00m x 17.25m | AH90: =$AH$30 *AC90/ $AC$30 -> 18333.333
A91: a | B91: 17 | C91: Britoil 80 | D91: AHT E DP1 | E91: ↓ | H91: =IF(F91="Done", V91*VLOOKUP(E91, $AB$3:$AC$16, 2, FALSE), "") | I91: =IF(F91="Done", V91*VLOOKUP(E91, $AB$3:$AD$16, 3, FALSE), "") | J91: =IF(F91="Done", V91*VLOOKUP(E91, $AB$3:$AE$16, 4, FALSE), "") | K91: Cheng britoil 80(cheng) | U91: {=IF(C91="",INDEX(C87:C91,MATCH(TRUE,INDEX((C87:C91<>""),0),0)),C91)} -> Britoil 80 | V91: =MIN(Y91/21388,1.3) -> 1.1428839 | W91: 22000 | Y91: =INT(VLOOKUP(U91, $AB$30:$AH$101, 7, FALSE)) -> 24444 | AB91: Nautical Anisha | AC91: 6000 | AD91: 704 sqm | AE91: 75.00m x 17.25m | AH91: =$AH$30 *AC91/ $AC$30 -> 18333.333
E92: MGPS | F92: Done | G92: 23-Feb. 2025 | H92: =IF(F92="Done", V92*VLOOKUP(E92, $AB$3:$AC$16, 2, FALSE), "") -> 12571.722 | I92: =IF(F92="Done", V92*VLOOKUP(E92, $AB$3:$AD$16, 3, FALSE), "") -> 3657.2284 | J92: =IF(F92="Done", V92*VLOOKUP(E92, $AB$3:$AE$16, 4, FALSE), "") -> 73.144567 | U92: {=IF(C92="",INDEX(C88:C92,MATCH(TRUE,INDEX((C88:C92<>""),0),0)),C92)} -> Britoil 80 | V92: =MIN(Y92/21388,1.3) -> 1.1428839 | W92: 22000 | Y92: =INT(VLOOKUP(U92, $AB$30:$AH$101, 7, FALSE)) -> 24444 | AB92: Paragon Sentinel | AC92: 6000 | AD92: 705 sqm | AE92: 75.00m x 17.25m | AH92: =$AH$30 *AC92/ $AC$30 -> 18333.333
E93: LED lights | F93: Not Installed | H93: =IF(F93="Done", V93*VLOOKUP(E93, $AB$3:$AC$16, 2, FALSE), "") | I93: =IF(F93="Done", V93*VLOOKUP(E93, $AB$3:$AD$16, 3, FALSE), "") | J93: =IF(F93="Done", V93*VLOOKUP(E93, $AB$3:$AE$16, 4, FALSE), "") | U93: {=IF(C93="",INDEX(C89:C93,MATCH(TRUE,INDEX((C89:C93<>""),0),0)),C93)} -> Britoil 80 | V93: =MIN(Y93/21388,1.3) -> 1.1428839 | W93: 22000 | Y93: =INT(VLOOKUP(U93, $AB$30:$AH$101, 7, FALSE)) -> 24444 | AB93: Mashhor Princess | AC93: 6000 | AD93: 706 sqm | AE93: 75.00m x 17.25m | AH93: =$AH$30 *AC93/ $AC$30 -> 18333.333
E94: EFMS | F94: Not Installed | H94: =IF(F94="Done", V94*VLOOKUP(E94, $AB$3:$AC$16, 2, FALSE), "") | I94: =IF(F94="Done", V94*VLOOKUP(E94, $AB$3:$AD$16, 3, FALSE), "") | J94: =IF(F94="Done", V94*VLOOKUP(E94, $AB$3:$AE$16, 4, FALSE), "") | U94: {=IF(C94="",INDEX(C90:C94,MATCH(TRUE,INDEX((C90:C94<>""),0),0)),C94)} -> Britoil 80 | V94: =MIN(Y94/21388,1.3) -> 1.1428839 | W94: 22000 | Y94: =INT(VLOOKUP(U94, $AB$30:$AH$101, 7, FALSE)) -> 24444 | AB94: Britoil Guardian | AC94: 1000 | AD94: 707 sqm | AE94: 75.00m x 17.25m | AH94: =$AH$30 *AC94/ $AC$30 -> 3055.5556
E95: CMCE LP | F95: Not Installed | H95: =IF(F95="Done", V95*VLOOKUP(E95, $AB$3:$AC$16, 2, FALSE), "") | I95: =IF(F95="Done", V95*VLOOKUP(E95, $AB$3:$AD$16, 3, FALSE), "") | J95: =IF(F95="Done", V95*VLOOKUP(E95, $AB$3:$AE$16, 4, FALSE), "") | U95: {=IF(C95="",INDEX(C90:C95,MATCH(TRUE,INDEX((C90:C95<>""),0),0)),C95)} -> Britoil 80 | V95: =MIN(Y95/21388,1.3) -> 1.1428839 | W95: 22000 | Y95: =INT(VLOOKUP(U95, $AB$30:$AH$101, 7, FALSE)) -> 24444 | AB95: Britoil Courage | AC95: 5000 | AD95: 708 sqm | AE95: 75.00m x 17.25m | AH95: =$AH$30 *AC95/ $AC$30 -> 15277.778
E96: IWTM Filter | F96: Done | G96: 10-Feb. 2025 | H96: =IF(F96="Done", V96*VLOOKUP(E96, $AB$3:$AC$16, 2, FALSE), "") -> 1714.3258 | I96: =IF(F96="Done", V96*VLOOKUP(E96, $AB$3:$AD$16, 3, FALSE), "") -> 7085.8799 | J96: =IF(F96="Done", V96*VLOOKUP(E96, $AB$3:$AE$16, 4, FALSE), "") -> 9.1430709 | U96: {=IF(C96="",INDEX(C91:C96,MATCH(TRUE,INDEX((C91:C96<>""),0),0)),C96)} -> Britoil 80 | V96: =MIN(Y96/21388,1.3) -> 1.1428839 | W96: 22000 | Y96: =INT(VLOOKUP(U96, $AB$30:$AH$101, 7, FALSE)) -> 24444 | AB96: Britoil Diligance | AC96: 8000 | AD96: 709 sqm | AE96: 75.00m x 17.25m | AH96: =$AH$30 *AC96/ $AC$30 -> 24444.444
A97: a | B97: 18 | C97: Britoil 81 | D97: AHT E DP1 | E97: ↓ | H97: =IF(F97="Done", V97*VLOOKUP(E97, $AB$3:$AC$16, 2, FALSE), "") | I97: =IF(F97="Done", V97*VLOOKUP(E97, $AB$3:$AD$16, 3, FALSE), "") | J97: =IF(F97="Done", V97*VLOOKUP(E97, $AB$3:$AE$16, 4, FALSE), "") | U97: {=IF(C97="",INDEX(C92:C97,MATCH(TRUE,INDEX((C92:C97<>""),0),0)),C97)} -> Britoil 81 | V97: =MIN(Y97/21388,1.3) -> 1.1428839 | W97: 22000 | Y97: =INT(VLOOKUP(U97, $AB$30:$AH$101, 7, FALSE)) -> 24444 | AB97: BOS Princess | AC97: 7000 | AD97: 710 sqm | AE97: 75.00m x 17.25m | AH97: =$AH$30 *AC97/ $AC$30 -> 21388.889
E98: MGPS | F98: Done | H98: =IF(F98="Done", V98*VLOOKUP(E98, $AB$3:$AC$16, 2, FALSE), "") -> 12571.722 | I98: =IF(F98="Done", V98*VLOOKUP(E98, $AB$3:$AD$16, 3, FALSE), "") -> 3657.2284 | J98: =IF(F98="Done", V98*VLOOKUP(E98, $AB$3:$AE$16, 4, FALSE), "") -> 73.144567 | L98: We have MGPS with 2 anodes each Main Sea chest. | U98: {=IF(C98="",INDEX(C93:C98,MATCH(TRUE,INDEX((C93:C98<>""),0),0)),C98)} -> Britoil 81 | V98: =MIN(Y98/21388,1.3) -> 1.1428839 | W98: 22000 | Y98: =INT(VLOOKUP(U98, $AB$30:$AH$101, 7, FALSE)) -> 24444 | AB98: BOS Prince | AC98: 7000 | AD98: 711 sqm | AE98: 75.00m x 17.25m | AH98: =$AH$30 *AC98/ $AC$30 -> 21388.889
E99: AI CCTV | F99: Done | H99: =IF(F99="Done", V99*VLOOKUP(E99, $AB$3:$AC$16, 2, FALSE), "") -> 0 | I99: =IF(F99="Done", V99*VLOOKUP(E99, $AB$3:$AD$16, 3, FALSE), "") -> 3428.6516 | J99: =IF(F99="Done", V99*VLOOKUP(E99, $AB$3:$AE$16, 4, FALSE), "") -> 0 | U99: {=IF(C99="",INDEX(C94:C99,MATCH(TRUE,INDEX((C94:C99<>""),0),0)),C99)} -> Britoil 81 | V99: =MIN(Y99/21388,1.3) -> 1.1428839 | W99: 22001 | Y99: =INT(VLOOKUP(U99, $AB$30:$AH$101, 7, FALSE)) -> 24444 | AB99: Britoil Dignity | AC99: 7000 | AD99: 712 sqm | AE99: 75.00m x 17.25m | AH99: =$AH$30 *AC99/ $AC$30 -> 21388.889
E100: LED lights | F100: Done | H100: =IF(F100="Done", V100*VLOOKUP(E100, $AB$3:$AC$16, 2, FALSE), "") -> 9485.936 | I100: =IF(F100="Done", V100*VLOOKUP(E100, $AB$3:$AD$16, 3, FALSE), "") -> 4571.5354 | J100: =IF(F100="Done", V100*VLOOKUP(E100, $AB$3:$AE$16, 4, FALSE), "") -> 97.145128 | L100: We have LED Light on board including Flood lights. | U100: {=IF(C100="",INDEX(C94:C100,MATCH(TRUE,INDEX((C94:C100<>""),0),0)),C100)} -> Britoil 81 | V100: =MIN(Y100/21388,1.3) -> 1.1428839 | W100: 22000 | Y100: =INT(VLOOKUP(U100, $AB$30:$AH$101, 7, FALSE)) -> 24444 | AB100: Britoil Dominance | AC100: 7000 | AD100: 713 sqm | AE100: 75.00m x 17.25m | AH100: =$AH$30 *AC99/ $AC$30 -> 21388.889
...

Sheet Summary
A2: Device | B2: Scopes | C2: Total Installed | D2: In process | E2: Needed | F2: Percentage in move | G2: POC OK? | I2: ↓ | J2: Last 12 months | K2: Goal next 12 months | N2: Savings by each | O2: Co2 | R2: instal progr | T2: Installed | U2: In Progress | V2: Missing | W2: Needed
A3: MGPS | B3: 1, 3 | C3: =COUNTIFS(Tracker!E:E,A3,Tracker!F:F,"Done") -> 48 | D3: =COUNTIFS(Tracker!E:E,A3,Tracker!F:F,"In Process") -> 1 | E3: =COUNTIF(Tracker!E:E,A3)-COUNTIFS(Tracker!E:E,A3,Tracker!F:F,"No need") -> 67 | F3: =(C3+D3)/E3 -> 0.73134328 | G3: TRUE | I3: Installation Progress | J3: =R18 -> 0.64709378 | K3: 0.8 | N3: =C3*(Tracker!AC3+Tracker!AD3) -> 681600 | O3: =C3*(Tracker!AE3) -> 3072 | Q3: =A3 -> MGPS | R3: =F3 -> 0.73134328 | S3: Current 2025 | T3: =SUM(C3:C17) -> 218 | U3: =SUM(D3:D17) -> 26 | V3: =W4-T3-U3 -> 306 | W3: 0
A4: EFMS | B4: 1, 3 | C4: =COUNTIFS(Tracker!E:E,A4,Tracker!F:F,"Done") -> 17 | D4: =COUNTIFS(Tracker!E:E,A4,Tracker!F:F,"In Process") -> 1 | E4: =COUNTIF(Tracker!E:E,A4)-COUNTIFS(Tracker!E:E,A4,Tracker!F:F,"No need") -> 70 | F4: =(C4+D4)/E4 -> 0.25714286 | G4: TRUE | I4: Vessel Updated Info | J4: =Tracker!A474 -> 0.93055556 | K4: 1 | N4: =C4*(Tracker!AC9+Tracker!AD9) -> 289000 | O4: =C4*(Tracker!AE4) -> 1479 | Q4: =A4 -> EFMS | R4: =F4 -> 0.25714286 | S4: Needed | T4: 0 | U4: 0 | V4: 0 | W4: =SUM(E3:E17) -> 550
A5: IWTM Filter | B5: 3 | C5: =COUNTIFS(Tracker!E:E,A5,Tracker!F:F,"Done") -> 29 | D5: =COUNTIFS(Tracker!E:E,A5,Tracker!F:F,"In Process") -> 13 | E5: =COUNTIF(Tracker!E:E,A5)-COUNTIFS(Tracker!E:E,A5,Tracker!F:F,"No need") -> 44 | F5: =(C5+D5)/E5 -> 0.95454545 | G5: TRUE | I5: Fleet estimated Savings | J5: =Tracker!AD123 -> 0.073772554 | K5: 0.2 | N5: =C5*(Tracker!AC7+Tracker!AD7) -> 223300 | O5: =C5*(Tracker!AE5) -> 0 | Q5: =A5 -> IWTM Filter | R5: =F5 -> 0.95454545 | S5: Goal 2026 | T5: 250 | U5: 75 | V5: 50 | W5: 0
A6: CJC Filter | B6: 3 | C6: =COUNTIFS(Tracker!E:E,A6,Tracker!F:F,"Done") -> 5 | D6: =COUNTIFS(Tracker!E:E,A6,Tracker!F:F,"In Process") -> 3 | E6: =COUNTIF(Tracker!E:E,A6)-COUNTIFS(Tracker!E:E,A6,Tracker!F:F,"No need") -> 8 | F6: =(C6+D6)/E6 -> 1 | G6: TRUE
A7: CMCE LP | B7: 3 | C7: =COUNTIFS(Tracker!E:E,A7,Tracker!F:F,"Done") -> 12 | D7: =COUNTIFS(Tracker!E:E,A7,Tracker!F:F,"In Process") -> 1 | E7: =COUNTIF(Tracker!E:E,A7)-COUNTIFS(Tracker!E:E,A7,Tracker!F:F,"No need") -> 45 | F7: =(C7+D7)/E7 -> 0.28888889 | G7: TRUE | J7: =Tracker!AD121 -> 22926 | N7: =C7*(Tracker!AC6+Tracker!AD6) -> 90000 | O7: =C7*(Tracker!AE6) -> 168 | Q7: =A7 -> CMCE LP | R7: =F7 -> 0.28888889
A8: LED lights | B8: 1, 3 | C8: =COUNTIFS(Tracker!E:E,A8,Tracker!F:F,"Done") -> 26 | D8: =COUNTIFS(Tracker!E:E,A8,Tracker!F:F,"In Process") -> 2 | E8: =COUNTIF(Tracker!E:E,A8)-COUNTIFS(Tracker!E:E,A8,Tracker!F:F,"No need") -> 70 | F8: =(C8+D8)/E8 -> 0.4 | G8: TRUE | J8: 72 | N8: =C8*(Tracker!AC8+Tracker!AD8) -> 319800 | O8: =C8*(Tracker!AE7) -> 208 | Q8: =A8 -> LED lights | R8: =F8 -> 0.4
A9: Chlorinator | B9: 3 | C9: =COUNTIFS(Tracker!E:E,A9,Tracker!F:F,"Done") -> 1 | D9: =COUNTIFS(Tracker!E:E,A9,Tracker!F:F,"In Process") -> 1 | E9: =COUNTIF(Tracker!E:E,A9)-COUNTIFS(Tracker!E:E,A9,Tracker!F:F,"No need") -> 2 | F9: =(C9+D9)/E9 -> 1 | G9: TRUE | N9: =C9*(Tracker!AC8+Tracker!AD8) -> 12300 | O9: =C9*(Tracker!AE8) -> 85 | Q9: =A9 -> Chlorinator | R9: =F9 -> 1
A10: Deva Paint | B10: 3 | C10: =COUNTIFS(Tracker!E:E,A10,Tracker!F:F,"Done") -> 1 | D10: =COUNTIFS(Tracker!E:E,A10,Tracker!F:F,"In Process") -> 0 | E10: 72 | F10: =(C10+D10)/E10 -> 0.013888889 | G10: FALSE | N10: 0 | O10: 0 | Q10: =A10 -> Deva Paint | R10: =F10 -> 0.013888889
A11: AI CCTV | B11: 3 | C11: =COUNTIFS(Tracker!E:E,A11,Tracker!F:F,"Done") -> 5 | D11: =COUNTIFS(Tracker!E:E,A11,Tracker!F:F,"In Process") -> 0 | E11: =COUNTIF(Tracker!E:E,A11)-COUNTIFS(Tracker!E:E,A11,Tracker!F:F,"No need") -> 10 | F11: =(C11+D11)/E11 -> 0.5 | G11: FALSE | N11: =C11*(Tracker!AC10+Tracker!AD10) -> 20000 | O11: =C11*(Tracker!AE10) -> 150 | Q11: =A11 -> AI CCTV | R11: =F11 -> 0.5
A12: Spinergie Fleet | B12: 1,3 | C12: =COUNTIFS(Tracker!E:E,A12,Tracker!F:F,"Done") -> 0 | D12: =COUNTIFS(Tracker!E:E,A12,Tracker!F:F,"In Process") -> 2 | E12: 72 | F12: =(C12+D12)/E12 -> 0.027777778 | G12: FALSE | Q12: =A12 -> Spinergie Fleet
A13: Nautilus Log | B13: 3 | C13: 70 | D13: =COUNTIFS(Tracker!E:E,A13,Tracker!F:F,"In Process") -> 0 | E13: 72 | F13: =(C13+D13)/E13 -> 0.97222222 | G13: TRUE | N13: =C13*(Tracker!AC11+Tracker!AD11) -> 210000 | O13: =C13*(Tracker!AE11) -> 0 | Q13: =A13 -> Nautilus Log | R13: =F13 -> 0.97222222
A14: RE Conversion | B14: 2 | C14: =COUNTIFS(Tracker!E:E,A14,Tracker!F:F,"Done") -> 1 | D14: =COUNTIFS(Tracker!E:E,A14,Tracker!F:F,"In Process") -> 0 | E14: =COUNTIF(Tracker!E:E,A14)-COUNTIFS(Tracker!E:E,A14,Tracker!F:F,"No need") -> 1 | F14: =(C14+D14)/E14 -> 1 | G14: TRUE | N14: =C14*(Tracker!AC12+Tracker!AD12) -> 1500 | O14: =C14*(Tracker!AE12) -> 0 | Q14: =A14 -> RE Conversion | R14: =F14 -> 1
A15: Silicon Paint | B15: 1,3 | C15: =COUNTIFS(Tracker!E:E,A15,Tracker!F:F,"Done") -> 1 | D15: =COUNTIFS(Tracker!E:E,A15,Tracker!F:F,"In Process") -> 1 | E15: =COUNTIF(Tracker!E:E,A15)-COUNTIFS(Tracker!E:E,A15,Tracker!F:F,"No need") -> 8 | F15: =(C15+D15)/E15 -> 0.25 | G15: FALSE | Q15: =A15 -> Silicon Paint
A16: Shore Generator | B16: 2 | C16: =COUNTIFS(Tracker!E:E,A16,Tracker!F:F,"Done") -> 2 | D16: =COUNTIFS(Tracker!E:E,A16,Tracker!F:F,"In Process") -> 0 | E16: =COUNTIF(Tracker!E:E,A16)-COUNTIFS(Tracker!E:E,A16,Tracker!F:F,"No need") -> 8 | F16: =(C16+D16)/E16 -> 0.25 | G16: FALSE | N16: =C16*(Tracker!#REF!+Tracker!#REF!) -> #REF! | O16: =C16*(Tracker!#REF!) -> #REF! | Q16: =A16 -> Shore Generator
A17: IOW Separator | B17: 3 | C17: =COUNTIFS(Tracker!E:E,A17,Tracker!F:F,"Done") -> 0 | D17: =COUNTIFS(Tracker!E:E,A17,Tracker!F:F,"In Process") -> 1 | E17: =COUNTIF(Tracker!E:E,A17)-COUNTIFS(Tracker!E:E,A17,Tracker!F:F,"No need") -> 1 | F17: =(C17+D17)/E17 -> 1 | G17: FALSE | N17: =C17*(Tracker!AC12+Tracker!AD12) -> 0 | O17: =C17*(Tracker!AE12) -> 0 | Q17: =A17 -> IOW Separator | R17: =F17 -> 1
Q18: Average | R18: =AVERAGE(R3:R17) -> 0.64709378
B20: #VALUE! | D20: Best Savings → | E20: =INDEX(A26:A94, MATCH(G21, B26:B94, 0)) -> Britoil Defiance
B21: Total Savings | C21: =SUM(Tracker!H9:H491)+SUM(Tracker!I9:I491)+C13*Tracker!AD12 -> 1670508.1 | G21: =MAX(B26:B92) -> 79887.582
B22: CO2eq (tons) | C22: =SUM(Tracker!J9:J491) -> 7055.9398 | D22: Best Vessel → | E22: BOS Princess
B23: New Initiatives | C23: 15
A25: BOS DUBAI | B25: =SUM(B26:B53) -> 694442.62 | C25: BOS SG | D25: =SUM(D26:D53) -> 393234.93 | E25: BOS ITALY | F25: =SUM(F26:F53) -> 477830.55
A26: Britoil 21 | B26: =SUMIF(Tracker!$U$9:$U$491, A26, Tracker!$H$9:$H$491)+SUMIF(Tracker!$U$9:$U$491, A26, Tracker!$I$9:$I$491) -> 0 | C26: Britoil Diligance | D26: =SUMIF(Tracker!$U$9:$U$491, C26, Tracker!$H$9:$H$491)+SUMIF(Tracker!$U$9:$U$491, C26, Tracker!$I$9:$I$491) -> 14057.471 | E26: Britoil Guardian | F26: =SUMIF(Tracker!$U$9:$U$491, E26, Tracker!$H$9:$H$491)+SUMIF(Tracker!$U$9:$U$491, E26, Tracker!$I$9:$I$491) -> 0
A27: Britoil 22 | B27: =SUMIF(Tracker!$U$9:$U$491, A27, Tracker!$H$9:$H$491)+SUMIF(Tracker!$U$9:$U$491, A27, Tracker!$I$9:$I$491) -> 7303.1607 | C27: Britoil Discovery | D27: =SUMIF(Tracker!$U$9:$U$491, C27, Tracker!$H$9:$H$491)+SUMIF(Tracker!$U$9:$U$491, C27, Tracker!$I$9:$I$491) -> 34700 | E27: BOS Apollo | F27: =SUMIF(Tracker!$U$9:$U$491, E27, Tracker!$H$9:$H$491)+SUMIF(Tracker!$U$9:$U$491, E27, Tracker!$I$9:$I$491) -> 19497.101 | Q27: Vessels | R27: total | S27: Average/vessel
A28: Britoil 41 | B28: =SUMIF(Tracker!$U$9:$U$491, A28, Tracker!$H$9:$H$491)+SUMIF(Tracker!$U$9:$U$491, A28, Tracker!$I$9:$I$491) -> 44460 | C28: Britoil Dragon | D28: =SUMIF(Tracker!$U$9:$U$491, C28, Tracker!$H$9:$H$491)+SUMIF(Tracker!$U$9:$U$491, C28, Tracker!$I$9:$I$491) -> 19323.279 | E28: BOS Aphrodite | F28: =SUMIF(Tracker!$U$9:$U$491, E28, Tracker!$H$9:$H$491)+SUMIF(Tracker!$U$9:$U$491, E28, Tracker!$I$9:$I$491) -> 10447.503 | Q28: BOS ITALY | R28: =F25 -> 477830.55 | S28: =R28/23 -> 20775.241
A29: Britoil 60 | B29: =SUMIF(Tracker!$U$9:$U$491, A29, Tracker!$H$9:$H$491)+SUMIF(Tracker!$U$9:$U$491, A29, Tracker!$I$9:$I$491) -> 28470 | C29: Britoil Defiance | D29: =SUMIF(Tracker!$U$9:$U$491, C29, Tracker!$H$9:$H$491)+SUMIF(Tracker!$U$9:$U$491, C29, Tracker!$I$9:$I$491) -> 79887.582 | E29: BOS Chablis | F29: =SUMIF(Tracker!$U$9:$U$491, E29, Tracker!$H$9:$H$491)+SUMIF(Tracker!$U$9:$U$491, E29, Tracker!$I$9:$I$491) -> 20336.446 | Q29: BOS SG | R29: =D25 -> 393234.93 | S29: =R29/16 -> 24577.183
A30: Britoil 61 | B30: =SUMIF(Tracker!$U$9:$U$491, A30, Tracker!$H$9:$H$491)+SUMIF(Tracker!$U$9:$U$491, A30, Tracker!$I$9:$I$491) -> 28470 | C30: Britoil Defender | D30: =SUMIF(Tracker!$U$9:$U$491, C30, Tracker!$H$9:$H$491)+SUMIF(Tracker!$U$9:$U$491, C30, Tracker!$I$9:$I$491) -> 10286.142 | E30: BOS Champagne | F30: =SUMIF(Tracker!$U$9:$U$491, E30, Tracker!$H$9:$H$491)+SUMIF(Tracker!$U$9:$U$491, E30, Tracker!$I$9:$I$491) -> 20336.446 | Q30: BOS DUBAI | R30: =B25 -> 694442.62 | S30: =R30/28 -> 24801.522
A31: Britoil 62 | B31: =SUMIF(Tracker!$U$9:$U$491, A31, Tracker!$H$9:$H$491)+SUMIF(Tracker!$U$9:$U$491, A31, Tracker!$I$9:$I$491) -> 16894.988 | C31: ENA Habitat | D31: =SUMIF(Tracker!$U$9:$U$491, C31, Tracker!$H$9:$H$491)+SUMIF(Tracker!$U$9:$U$491, C31, Tracker!$I$9:$I$491) -> 10543.104 | E31: BOS Tethys | F31: =SUMIF(Tracker!$U$9:$U$491, E31, Tracker!$H$9:$H$491)+SUMIF(Tracker!$U$9:$U$491, E31, Tracker!$I$9:$I$491) -> 19497.101
A32: Britoil 63 | B32: =SUMIF(Tracker!$U$9:$U$491, A32, Tracker!$H$9:$H$491)+SUMIF(Tracker!$U$9:$U$491, A32, Tracker!$I$9:$I$491) -> 26923.976 | C32: Nautical Anisha | D32: =SUMIF(Tracker!$U$9:$U$491, C32, Tracker!$H$9:$H$491)+SUMIF(Tracker!$U$9:$U$491, C32, Tracker!$I$9:$I$491) -> 12171.713 | E32: BOS Theia | F32: =SUMIF(Tracker!$U$9:$U$491, E32, Tracker!$H$9:$H$491)+SUMIF(Tracker!$U$9:$U$491, E32, Tracker!$I$9:$I$491) -> 0
A33: Britoil 64 | B33: =SUMIF(Tracker!$U$9:$U$491, A33, Tracker!$H$9:$H$491)+SUMIF(Tracker!$U$9:$U$491, A33, Tracker!$I$9:$I$491) -> 10954.741 | C33: Nautical Aisia | D33: =SUMIF(Tracker!$U$9:$U$491, C33, Tracker!$H$9:$H$491)+SUMIF(Tracker!$U$9:$U$491, C33, Tracker!$I$9:$I$491) -> 12171.713 | E33: BOS Triton | F33: =SUMIF(Tracker!$U$9:$U$491, E33, Tracker!$H$9:$H$491)+SUMIF(Tracker!$U$9:$U$491, E33, Tracker!$I$9:$I$491) -> 0
A34: Britoil 65 | B34: =SUMIF(Tracker!$U$9:$U$491, A34, Tracker!$H$9:$H$491)+SUMIF(Tracker!$U$9:$U$491, A34, Tracker!$I$9:$I$491) -> 10954.741 | C34: BOS Ares | D34: =SUMIF(Tracker!$U$9:$U$491, C34, Tracker!$H$9:$H$491)+SUMIF(Tracker!$U$9:$U$491, C34, Tracker!$I$9:$I$491) -> 32004.676 | E34: BOS Pride | F34: =SUMIF(Tracker!$U$9:$U$491, E34, Tracker!$H$9:$H$491)+SUMIF(Tracker!$U$9:$U$491, E34, Tracker!$I$9:$I$491) -> 48229.699
A35: Britoil 66 | B35: =SUMIF(Tracker!$U$9:$U$491, A35, Tracker!$H$9:$H$491)+SUMIF(Tracker!$U$9:$U$491, A35, Tracker!$I$9:$I$491) -> 16894.988 | C35: BOS Athena | D35: =SUMIF(Tracker!$U$9:$U$491, C35, Tracker!$H$9:$H$491)+SUMIF(Tracker!$U$9:$U$491, C35, Tracker!$I$9:$I$491) -> 21557.172 | E35: BOS Princess | F35: =SUMIF(Tracker!$U$9:$U$491, E35, Tracker!$H$9:$H$491)+SUMIF(Tracker!$U$9:$U$491, E35, Tracker!$I$9:$I$491) -> 23900
A36: Britoil 67 | B36: =SUMIF(Tracker!$U$9:$U$491, A36, Tracker!$H$9:$H$491)+SUMIF(Tracker!$U$9:$U$491, A36, Tracker!$I$9:$I$491) -> 16894.988 | C36: BOS Atlanta | D36: =SUMIF(Tracker!$U$9:$U$491, C36, Tracker!$H$9:$H$491)+SUMIF(Tracker!$U$9:$U$491, C36, Tracker!$I$9:$I$491) -> 21557.172 | E36: BOS Pool | F36: =SUMIF(Tracker!$U$9:$U$491, E36, Tracker!$H$9:$H$491)+SUMIF(Tracker!$U$9:$U$491, E36, Tracker!$I$9:$I$491) -> 0
A37: Britoil 70 | B37: =SUMIF(Tracker!$U$9:$U$491, A37, Tracker!$H$9:$H$491)+SUMIF(Tracker!$U$9:$U$491, A37, Tracker!$I$9:$I$491) -> 27317.748 | C37: BOS Atlas | D37: =SUMIF(Tracker!$U$9:$U$491, C37, Tracker!$H$9:$H$491)+SUMIF(Tracker!$U$9:$U$491, C37, Tracker!$I$9:$I$491) -> 21557.172 | E37: BOS Base | F37: =SUMIF(Tracker!$U$9:$U$491, E37, Tracker!$H$9:$H$491)+SUMIF(Tracker!$U$9:$U$491, E37, Tracker!$I$9:$I$491) -> 12171.713
A38: Britoil 71 | B38: =SUMIF(Tracker!$U$9:$U$491, A38, Tracker!$H$9:$H$491)+SUMIF(Tracker!$U$9:$U$491, A38, Tracker!$I$9:$I$491) -> 17730.765 | C38: BOS Challenge | D38: =SUMIF(Tracker!$U$9:$U$491, C38, Tracker!$H$9:$H$491)+SUMIF(Tracker!$U$9:$U$491, C38, Tracker!$I$9:$I$491) -> 34358.379 | E38: BOS Patience | F38: =SUMIF(Tracker!$U$9:$U$491, E38, Tracker!$H$9:$H$491)+SUMIF(Tracker!$U$9:$U$491, E38, Tracker!$I$9:$I$491) -> 31043.459
A39: Britoil 72 | B39: =SUMIF(Tracker!$U$9:$U$491, A39, Tracker!$H$9:$H$491)+SUMIF(Tracker!$U$9:$U$491, A39, Tracker!$I$9:$I$491) -> 44842.341 | C39: BOS Champion | D39: =SUMIF(Tracker!$U$9:$U$491, C39, Tracker!$H$9:$H$491)+SUMIF(Tracker!$U$9:$U$491, C39, Tracker!$I$9:$I$491) -> 47544.567 | E39: BOS Patriot | F39: =SUMIF(Tracker!$U$9:$U$491, E39, Tracker!$H$9:$H$491)+SUMIF(Tracker!$U$9:$U$491, E39, Tracker!$I$9:$I$491) -> 31043.459
A40: Britoil 73 | B40: =SUMIF(Tracker!$U$9:$U$491, A40, Tracker!$H$9:$H$491)+SUMIF(Tracker!$U$9:$U$491, A40, Tracker!$I$9:$I$491) -> 32394.726 | C40: Paragon Sentinel | D40: =SUMIF(Tracker!$U$9:$U$491, C40, Tracker!$H$9:$H$491)+SUMIF(Tracker!$U$9:$U$491, C40, Tracker!$I$9:$I$491) -> 10971.685 | E40: BOS Precious | F40: =SUMIF(Tracker!$U$9:$U$491, E40, Tracker!$H$9:$H$491)+SUMIF(Tracker!$U$9:$U$491, E40, Tracker!$I$9:$I$491) -> 28972.471
A41: Britoil 74 | B41: =SUMIF(Tracker!$U$9:$U$491, A41, Tracker!$H$9:$H$491)+SUMIF(Tracker!$U$9:$U$491, A41, Tracker!$I$9:$I$491) -> 27514.751 | C41: Mashhor Princess | D41: =SUMIF(Tracker!$U$9:$U$491, C41, Tracker!$H$9:$H$491)+SUMIF(Tracker!$U$9:$U$491, C41, Tracker!$I$9:$I$491) -> 10543.104 | E41: BOS Prelude | F41: =SUMIF(Tracker!$U$9:$U$491, E41, Tracker!$H$9:$H$491)+SUMIF(Tracker!$U$9:$U$491, E41, Tracker!$I$9:$I$491) -> 13186.189
A42: Britoil 80 | B42: =SUMIF(Tracker!$U$9:$U$491, A42, Tracker!$H$9:$H$491)+SUMIF(Tracker!$U$9:$U$491, A42, Tracker!$I$9:$I$491) -> 25029.157 | C42: Britoil Dominance | D42: =SUMIF(Tracker!$U$9:$U$491, C42, Tracker!$H$9:$H$491)+SUMIF(Tracker!$U$9:$U$491, C42, Tracker!$I$9:$I$491) -> 0 | E42: BOS Prime | F42: =SUMIF(Tracker!$U$9:$U$491, E42, Tracker!$H$9:$H$491)+SUMIF(Tracker!$U$9:$U$491, E42, Tracker!$I$9:$I$491) -> 46400
... A46: Britoil 121 | B46: =SUMIF(Tracker!$U$9:$U$491, A46, Tracker!$H$9:$H$491)+SUMIF(Tracker!$U$9:$U$491, A46, Tracker!$I$9:$I$491) -> 10660 | C46: MWV Falgout | D46: =SUMIF(Tracker!$U$9:$U$491, C46, Tracker!$H$9:$H$491)+SUMIF(Tracker!$U$9:$U$491, C46, Tracker!$I$9:$I$491) -> 0 | E46: BOS Purpose | F46: =SUMIF(Tracker!$U$9:$U$491, E46, Tracker!$H$9:$H$491)+SUMIF(Tracker!$U$9:$U$491, E46, Tracker!$I$9:$I$491) -> 20648.747
A47: Britoil Journey | B47: =SUMIF(Tracker!$U$9:$U$491, A47, Tracker!$H$9:$H$491)+SUMIF(Tracker!$U$9:$U$491, A47, Tracker!$I$9:$I$491) -> 47000 | E47: BOS Tramontana | F47: =SUMIF(Tracker!$U$9:$U$491, E47, Tracker!$H$9:$H$491)+SUMIF(Tracker!$U$9:$U$491, E47, Tracker!$I$9:$I$491) -> 0
A48: Britoil Justice | B48: =SUMIF(Tracker!$U$9:$U$491, A48, Tracker!$H$9:$H$491)+SUMIF(Tracker!$U$9:$U$491, A48, Tracker!$I$9:$I$491) -> 42400 | E48: Britoil Courage | F48: =SUMIF(Tracker!$U$9:$U$491, E48, Tracker!$H$9:$H$491)+SUMIF(Tracker!$U$9:$U$491, E48, Tracker!$I$9:$I$491) -> 10142.762
A49: Britoil Diamond | B49: =SUMIF(Tracker!$U$9:$U$491, A49, Tracker!$H$9:$H$491)+SUMIF(Tracker!$U$9:$U$491, A49, Tracker!$I$9:$I$491) -> 33545.998
A50: Britoil Destiny | B50: =SUMIF(Tracker!$U$9:$U$491, A50, Tracker!$H$9:$H$491)+SUMIF(Tracker!$U$9:$U$491, A50, Tracker!$I$9:$I$491) -> 21971.648
A51: BOS Athos | B51: =SUMIF(Tracker!$U$9:$U$491, A51, Tracker!$H$9:$H$491)+SUMIF(Tracker!$U$9:$U$491, A51, Tracker!$I$9:$I$491) -> 7357.3967
A52: BOS Hestia | B52: =SUMIF(Tracker!$U$9:$U$491, A52, Tracker!$H$9:$H$491)+SUMIF(Tracker!$U$9:$U$491, A52, Tracker!$I$9:$I$491) -> 19497.101
A53: BOS Thalassa | B53: =SUMIF(Tracker!$U$9:$U$491, A53, Tracker!$H$9:$H$491)+SUMIF(Tracker!$U$9:$U$491, A53, Tracker!$I$9:$I$491) -> 26854.498
A54: Britoil Diligance | B54: =SUMIF(Tracker!$U$9:$U$491, A54, Tracker!$H$9:$H$491)+SUMIF(Tracker!$U$9:$U$491, A54, Tracker!$I$9:$I$491) -> 14057.471
A55: Britoil Discovery | B55: =SUMIF(Tracker!$U$9:$U$491, A55, Tracker!$H$9:$H$491)+SUMIF(Tracker!$U$9:$U$491, A55, Tracker!$I$9:$I$491) -> 34700
A56: Britoil Dragon | B56: =SUMIF(Tracker!$U$9:$U$491, A56, Tracker!$H$9:$H$491)+SUMIF(Tracker!$U$9:$U$491, A56, Tracker!$I$9:$I$491) -> 19323.279
A57: Britoil Defiance | B57: =SUMIF(Tracker!$U$9:$U$491, A57, Tracker!$H$9:$H$491)+SUMIF(Tracker!$U$9:$U$491, A57, Tracker!$I$9:$I$491) -> 79887.582
A58: Britoil Defender | B58: =SUMIF(Tracker!$U$9:$U$491, A58, Tracker!$H$9:$H$491)+SUMIF(Tracker!$U$9:$U$491, A58, Tracker!$I$9:$I$491) -> 10286.142
A59: ENA Habitat | B59: =SUMIF(Tracker!$U$9:$U$491, A59, Tracker!$H$9:$H$491)+SUMIF(Tracker!$U$9:$U$491, A59, Tracker!$I$9:$I$491) -> 10543.104
A60: Nautical Anisha | B60: =SUMIF(Tracker!$U$9:$U$491, A60, Tracker!$H$9:$H$491)+SUMIF(Tracker!$U$9:$U$491, A60, Tracker!$I$9:$I$491) -> 12171.713
... A97: MWV Falgout | B97: =SUMIF(Tracker!$U$9:$U$491, A97, Tracker!$H$9:$H$491)+SUMIF(Tracker!$U$9:$U$491, A97, Tracker!$I$9:$I$491) -> 0
A99: Britoil Defiance | B99: =SUMIF(Tracker!$U$9:$U$491, A99, Tracker!$H$9:$H$491)+SUMIF(Tracker!$U$9:$U$491, A99, Tracker!$I$9:$I$491) -> 79887.582 | C99: =SUMIF(Tracker!$U$9:$U$491, A99, Tracker!$J$9:$J$491) -> 385.15186 | E99: BOS Princess | F99: =SUMIF(Tracker!$U$9:$U$491, E99, Tracker!$H$9:$H$491)+SUMIF(Tracker!$U$9:$U$491, E99, Tracker!$I$9:$I$491) -> 23900 | G99: =SUMIF(Tracker!$U$9:$U$491, E99, Tracker!$J$9:$J$491) -> 72 | H99: 100 | I99: 100
A100: Britoil 81 | B100: =SUMIF(Tracker!$U$9:$U$491, A100, Tracker!$H$9:$H$491)+SUMIF(Tracker!$U$9:$U$491, A100, Tracker!$I$9:$I$491) -> 61944.305 | C100: =SUMIF(Tracker!$U$9:$U$491, A100, Tracker!$J$9:$J$491) -> 285.72097 | E100: Britoil Defiance | F100: =SUMIF(Tracker!$U$9:$U$491, E100, Tracker!$H$9:$H$491)+SUMIF(Tracker!$U$9:$U$491, E100, Tracker!$I$9:$I$491) -> 79887.582 | G100: =SUMIF(Tracker!$U$9:$U$491, E100, Tracker!$J$9:$J$491) -> 385.15186 | H100: =80*((F100/52000)+(G100/210))/2 -> 134.81425 | I100: =H100 -> 134.81425
A101: BOS Pride | B101: =SUMIF(Tracker!$U$9:$U$491, A101, Tracker!$H$9:$H$491)+SUMIF(Tracker!$U$9:$U$491, A101, Tracker!$I$9:$I$491) -> 48229.699 | C101: =SUMIF(Tracker!$U$9:$U$491, A101, Tracker!$J$9:$J$491) -> 195.43314 | E101: Britoil 81 | F101: =SUMIF(Tracker!$U$9:$U$491, E101, Tracker!$H$9:$H$491)+SUMIF(Tracker!$U$9:$U$491, E101, Tracker!$I$9:$I$491) -> 61944.305 | G101: =SUMIF(Tracker!$U$9:$U$491, E101, Tracker!$J$9:$J$491) -> 285.72097 | H101: =80*((F101/52000)+(G101/210))/2 -> 102.07251 | I101: =H101*(21600/VLOOKUP(E101, Tracker!$U$9:$W$491, 3, FALSE)) -> 100.21664
A102: BOS Champion | B102: =SUMIF(Tracker!$U$9:$U$491, A102, Tracker!$H$9:$H$491)+SUMIF(Tracker!$U$9:$U$491, A102, Tracker!$I$9:$I$491) -> 47544.567 | C102: =SUMIF(Tracker!$U$9:$U$491, A102, Tracker!$J$9:$J$491) -> 232.15121 | E102: Britoil Journey | F102: =SUMIF(Tracker!$U$9:$U$491, E102, Tracker!$H$9:$H$491)+SUMIF(Tracker!$U$9:$U$491, E102, Tracker!$I$9:$I$491) -> 47000 | G102: =SUMIF(Tracker!$U$9:$U$491, E102, Tracker!$J$9:$J$491) -> 242 | H102: =80*((F102/52000)+(G102/210))/2 -> 82.249084 | I102: =H102*(21600/VLOOKUP(E102, Tracker!$U$9:$W$491, 3, FALSE)) -> 88.829011
A103: Britoil Journey | B103: =SUMIF(Tracker!$U$9:$U$491, A103, Tracker!$H$9:$H$491)+SUMIF(Tracker!$U$9:$U$491, A103, Tracker!$I$9:$I$491) -> 47000 | C103: =SUMIF(Tracker!$U$9:$U$491, A103, Tracker!$J$9:$J$491) -> 242 | E103: Britoil 72 | F103: =SUMIF(Tracker!$U$9:$U$491, E103, Tracker!$H$9:$H$491)+SUMIF(Tracker!$U$9:$U$491, E103, Tracker!$I$9:$I$491) -> 44842.341 | G103: =SUMIF(Tracker!$U$9:$U$491, E103, Tracker!$J$9:$J$491) -> 249.46774 | H103: =80*((F103/52000)+(G103/210))/2 -> 82.011773 | I103: =H103*(21600/VLOOKUP(E103, Tracker!$U$9:$W$491, 3, FALSE)) -> 88.572715
A104: BOS Prince | B104: =SUMIF(Tracker!$U$9:$U$491, A104, Tracker!$H$9:$H$491)+SUMIF(Tracker!$U$9:$U$491, A104, Tracker!$I$9:$I$491) -> 46400 | C104: =SUMIF(Tracker!$U$9:$U$491, A104, Tracker!$J$9:$J$491) -> 179 | E104: BOS Champion | F104: =SUMIF(Tracker!$U$9:$U$491, E104, Tracker!$H$9:$H$491)+SUMIF(Tracker!$U$9:$U$491, E104, Tracker!$I$9:$I$491) -> 47544.567 | G104: =SUMIF(Tracker!$U$9:$U$491, E104, Tracker!$J$9:$J$491) -> 232.15121 | H104: =80*((F104/52000)+(G104/210))/2 -> 80.792021 | I104: =H104*(21600/VLOOKUP(E104, Tracker!$U$9:$W$491, 3, FALSE)) -> 87.255383
A105: BOS Prime | B105: =SUMIF(Tracker!$U$9:$U$491, A105, Tracker!$H$9:$H$491)+SUMIF(Tracker!$U$9:$U$491, A105, Tracker!$I$9:$I$491) -> 46400 | C105: =SUMIF(Tracker!$U$9:$U$491, A105, Tracker!$J$9:$J$491) -> 179 | E105: BOS Prince | F105: =SUMIF(Tracker!$U$9:$U$491, E105, Tracker!$H$9:$H$491)+SUMIF(Tracker!$U$9:$U$491, E105, Tracker!$I$9:$I$491) -> 46400 | G105: =SUMIF(Tracker!$U$9:$U$491, E105, Tracker!$J$9:$J$491) -> 179 | H105: =80*((F105/52000)+(G105/210))/2 -> 69.787546 | I105: =H105*(21600/VLOOKUP(E105, Tracker!$U$9:$W$491, 3, FALSE)) -> 75.370549
A106: Britoil 72 | B106: =SUMIF(Tracker!$U$9:$U$491, A106, Tracker!$H$9:$H$491)+SUMIF(Tracker!$U$9:$U$491, A106, Tracker!$I$9:$I$491) -> 44842.341 | C106: =SUMIF(Tracker!$U$9:$U$491, A106, Tracker!$J$9:$J$491) -> 249.46774 | E106: BOS Ares | F106: =SUMIF(Tracker!$U$9:$U$491, E106, Tracker!$H$9:$H$491)+SUMIF(Tracker!$U$9:$U$491, E106, Tracker!$I$9:$I$491) -> 32004.676 | G106: =SUMIF(Tracker!$U$9:$U$491, E106, Tracker!$J$9:$J$491) -> 178.049 | H106: =80*((F106/52000)+(G106/210))/2 -> 58.533076 | I106: =H106*(21600/VLOOKUP(E106, Tracker!$U$9:$W$491, 3, FALSE)) -> 70.239692
A107: Britoil 41 | B107: =SUMIF(Tracker!$U$9:$U$491, A107, Tracker!$H$9:$H$491)+SUMIF(Tracker!$U$9:$U$491, A107, Tracker!$I$9:$I$491) -> 44460 | C107: =SUMIF(Tracker!$U$9:$U$491, A107, Tracker!$J$9:$J$491) -> 204.1 | E107: BOS Prudence | F107: =SUMIF(Tracker!$U$9:$U$491, E107, Tracker!$H$9:$H$491)+SUMIF(Tracker!$U$9:$U$491, E107, Tracker!$I$9:$I$491) -> 36677.455 | G107: =SUMIF(Tracker!$U$9:$U$491, E107, Tracker!$J$9:$J$491) -> 155.57275 | H107: =80*((F107/52000)+(G107/210))/2 -> 57.846332 | I107: =H107*(21600/VLOOKUP(E107, Tracker!$U$9:$W$491, 3, FALSE)) -> 62.474038
A108: Britoil Justice | B108: =SUMIF(Tracker!$U$9:$U$491, A108, Tracker!$H$9:$H$491)+SUMIF(Tracker!$U$9:$U$491, A108, Tracker!$I$9:$I$491) -> 42400 | C108: =SUMIF(Tracker!$U$9:$U$491, A108, Tracker!$J$9:$J$491) -> 165 | E108: Britoil Justice | F108: =SUMIF(Tracker!$U$9:$U$491, E108, Tracker!$H$9:$H$491)+SUMIF(Tracker!$U$9:$U$491, E108, Tracker!$I$9:$I$491) -> 42400 | G108: =SUMIF(Tracker!$U$9:$U$491, E108, Tracker!$J$9:$J$491) -> 165 | H108: =80*((F108/52000)+(G108/210))/2 -> 64.043956 | I108: =H108*(21600/VLOOKUP(E108, Tracker!$U$9:$W$491, 3, FALSE)) -> 69.167473
A109: BOS Principle | B109: =SUMIF(Tracker!$U$9:$U$491, A109, Tracker!$H$9:$H$491)+SUMIF(Tracker!$U$9:$U$491, A109, Tracker!$I$9:$I$491) -> 38900 | C109: =SUMIF(Tracker!$U$9:$U$491, A109, Tracker!$J$9:$J$491) -> 165 | E109: Britoil 73 | F109: =SUMIF(Tracker!$U$9:$U$491, E109, Tracker!$H$9:$H$491)+SUMIF(Tracker!$U$9:$U$491, E109, Tracker!$I$9:$I$491) -> 32394.726 | G109: =SUMIF(Tracker!$U$9:$U$491, E109, Tracker!$J$9:$J$491) -> 163.01192 | H109: =80*((F109/52000)+(G109/210))/2 -> 55.96891 | I109: =H109*(21600/VLOOKUP(E109, Tracker!$U$9:$W$491, 3, FALSE)) -> 60.446423
A110: BOS Prudence | B110: =SUMIF(Tracker!$U$9:$U$491, A110, Tracker!$H$9:$H$491)+SUMIF(Tracker!$U$9:$U$491, A110, Tracker!$I$9:$I$491) -> 36677.455 | C110: =SUMIF(Tracker!$U$9:$U$491, A110, Tracker!$J$9:$J$491) -> 155.57275 | E110: BOS Principle | F110: =SUMIF(Tracker!$U$9:$U$491, E110, Tracker!$H$9:$H$491)+SUMIF(Tracker!$U$9:$U$491, E110, Tracker!$I$9:$I$491) -> 38900 | G110: =SUMIF(Tracker!$U$9:$U$491, E110, Tracker!$J$9:$J$491) -> 165 | H110: =80*((F110/52000)+(G110/210))/2 -> 61.351648 | I110: =H110*(21600/VLOOKUP(E110, Tracker!$U$9:$W$491, 3, FALSE)) -> 66.25978
A111: Britoil Discovery | B111: =SUMIF(Tracker!$U$9:$U$491, A111, Tracker!$H$9:$H$491)+SUMIF(Tracker!$U$9:$U$491, A111, Tracker!$I$9:$I$491) -> 34700 | C111: =SUMIF(Tracker!$U$9:$U$491, A111, Tracker!$J$9:$J$491) -> 157 | E111: BOS Patience | F111: =SUMIF(Tracker!$U$9:$U$491, E111, Tracker!$H$9:$H$491)+SUMIF(Tracker!$U$9:$U$491, E111, Tracker!$I$9:$I$491) -> 31043.459 | G111: =SUMIF(Tracker!$U$9:$U$491, E111, Tracker!$J$9:$J$491) -> 174.54624 | H111: =80*((F111/52000)+(G111/210))/2 -> 57.126487 | I111: =H111*(21600/VLOOKUP(E111, Tracker!$U$9:$W$491, 3, FALSE)) -> 61.696606
A112: BOS Challenge | B112: =SUMIF(Tracker!$U$9:$U$491, A112, Tracker!$H$9:$H$491)+SUMIF(Tracker!$U$9:$U$491, A112, Tracker!$I$9:$I$491) -> 34358.379 | C112: =SUMIF(Tracker!$U$9:$U$491, A112, Tracker!$J$9:$J$491) -> 172.7205 | E112: BOS Patriot | F112: =SUMIF(Tracker!$U$9:$U$491, E112, Tracker!$H$9:$H$491)+SUMIF(Tracker!$U$9:$U$491, E112, Tracker!$I$9:$I$491) -> 31043.459 | G112: =SUMIF(Tracker!$U$9:$U$491, E112, Tracker!$J$9:$J$491) -> 174.54624 | H112: =80*((F112/52000)+(G112/210))/2 -> 57.126487 | I112: =H112*(21600/VLOOKUP(E112, Tracker!$U$9:$W$491, 3, FALSE)) -> 61.696606
... A170: MWV Falgout | B170: =SUMIF(Tracker!$U$9:$U$491, A170, Tracker!$H$9:$H$491)+SUMIF(Tracker!$U$9:$U$491, A170, Tracker!$I$9:$I$491) -> 0 | C170: =SUMIF(Tracker!$U$9:$U$491, A170, Tracker!$J$9:$J$491) -> 0 | E170: MWV Falgout | F170: =SUMIF(Tracker!$U$9:$U$491, E170, Tracker!$H$9:$H$491)+SUMIF(Tracker!$U$9:$U$491, E170, Tracker!$I$9:$I$491) -> 0 | G170: =SUMIF(Tracker!$U$9:$U$491, E170, Tracker!$J$9:$J$491) -> 0 | H170: =80*((F170/52000)+(G170/210))/2 -> 0 | I170: =H170*(21600/VLOOKUP(E170, Tracker!$U$9:$W$491, 3, FALSE)) -> 0

Sheet Sheet1
A1: =Summary!C21 -> 1670508.1 | B1: =Summary!C22 -> 7055.9398 | C1: =Summary!C23 -> 15 | D1: =Summary!J4 -> 0.93055556 | E1: =Summary!J3 -> 0.64709378 | F1: =Tracker!AE115 -> 14571594 | G1: =Summary!J5 -> 0.073772554

Sheet Sheet2
A1: =Summary!A99 -> Britoil Defiance | B1: =Summary!B99 -> 79887.582 | C1: =Summary!C99 -> 385.15186 | D1: BOS ITALY | E1: =Summary!F25 -> 477830.55 | F1: =E1/23 -> 20775.241 | G1: =Summary!A3 -> MGPS | H1: =Summary!C3 -> 48 | I1: =Summary!D3 -> 1 | J1: =Summary!E3 -> 67 | K1: =Summary!F3 -> 0.73134328 | L1: 1 | M1: 1 | N1: 1 | O1: 1 | P1: 1 | Q1: 1
A2: =Summary!A100 -> Britoil 81 | B2: =Summary!B100 -> 61944.305 | C2: =Summary!C100 -> 285.72097 | D2: BOS SG | E2: =Summary!D25 -> 393234.93 | F2: =E2/16 -> 24577.183 | G2: =Summary!A4 -> EFMS | H2: =Summary!C4 -> 17 | I2: =Summary!D4 -> 1 | J2: =Summary!E4 -> 70 | K2: =Summary!F4 -> 0.25714286
A3: =Summary!A101 -> BOS Pride | B3: =Summary!B101 -> 48229.699 | C3: =Summary!C101 -> 195.43314 | D3: BOS DUBAI | E3: =Summary!B25 -> 694442.62 | F3: =E3/28 -> 24801.522 | G3: =Summary!A5 -> IWTM Filter | H3: =Summary!C5 -> 29 | I3: =Summary!D5 -> 13 | J3: =Summary!E5 -> 44 | K3: =Summary!F5 -> 0.95454545
A4: =Summary!A102 -> BOS Champion | B4: =Summary!B102 -> 47544.567 | C4: =Summary!C102 -> 232.15121 | G4: =Summary!A7 -> CMCE LP | H4: =Summary!C7 -> 12 | I4: =Summary!D7 -> 1 | J4: =Summary!E7 -> 45 | K4: =Summary!F7 -> 0.28888889
A5: =Summary!A103 -> Britoil Journey | B5: =Summary!B103 -> 47000 | C5: =Summary!C103 -> 242 | G5: =Summary!A8 -> LED lights | H5: =Summary!C8 -> 26 | I5: =Summary!D8 -> 2 | J5: =Summary!E8 -> 70 | K5: =Summary!F8 -> 0.4
A6: =Summary!A104 -> BOS Prince | B6: =Summary!B104 -> 46400 | C6: =Summary!C104 -> 179 | G6: =Summary!A9 -> Chlorinator | H6: =Summary!C9 -> 1 | I6: =Summary!D9 -> 1 | J6: =Summary!E9 -> 2 | K6: =Summary!F9 -> 1
A7: =Summary!A105 -> BOS Prime | B7: =Summary!B105 -> 46400 | C7: =Summary!C105 -> 179 | G7: =Summary!A10 -> Deva Paint | H7: =Summary!C10 -> 1 | I7: =Summary!D10 -> 0 | J7: =Summary!E10 -> 72 | K7: =Summary!F10 -> 0.013888889
A8: =Summary!A106 -> Britoil 72 | B8: =Summary!B106 -> 44842.341 | C8: =Summary!C106 -> 249.46774 | G8: =Summary!A11 -> AI CCTV | H8: =Summary!C11 -> 5 | I8: =Summary!D11 -> 0 | J8: =Summary!E11 -> 10 | K8: =Summary!F11 -> 0.5
A9: =Summary!A107 -> Britoil 41 | B9: =Summary!B107 -> 44460 | C9: =Summary!C107 -> 204.1 | G9: =Summary!A13 -> Nautilus Log | H9: =Summary!C13 -> 70 | I9: =Summary!D13 -> 0 | J9: =Summary!E13 -> 72 | K9: =Summary!F13 -> 0.97222222
A10: =Summary!A108 -> Britoil Justice | B10: =Summary!B108 -> 42400 | C10: =Summary!C108 -> 165 | G10: =Summary!A14 -> RE Conversion | H10: =Summary!C14 -> 1 | I10: =Summary!D14 -> 0 | J10: =Summary!E14 -> 1 | K10: =Summary!F14 -> 1
A11: =Summary!A109 -> BOS Principle | B11: =Summary!B109 -> 38900 | C11: =Summary!C109 -> 165 | G11: =Summary!A16 -> Shore Generator | H11: =Summary!C16 -> 2 | I11: =Summary!D16 -> 0 | J11: =Summary!E16 -> 8 | K11: =Summary!F16 -> 0.25
A12: =Summary!A110 -> BOS Prudence | B12: =Summary!B110 -> 36677.455 | C12: =Summary!C110 -> 155.57275 | G12: =Summary!A17 -> IOW Separator | H12: =Summary!C17 -> 0 | I12: =Summary!D17 -> 1 | J12: =Summary!E17 -> 1 | K12: =Summary!F17 -> 1
A13: =Summary!A111 -> Britoil Discovery | B13: =Summary!B111 -> 34700 | C13: =Summary!C111 -> 157
A14: =Summary!A112 -> BOS Challenge | B14: =Summary!B112 -> 34358.379 | C14: =Summary!C112 -> 172.7205
A15: =Summary!A113 -> Britoil Diamond | B15: =Summary!B113 -> 33545.998 | C15: =Summary!C113 -> 153.99771
A16: =Summary!A114 -> Britoil 73 | B16: =Summary!B114 -> 32394.726 | C16: =Summary!C114 -> 163.01192
A17: =Summary!A115 -> BOS Ares | B17: =Summary!B115 -> 32004.676 | C17: =Summary!C115 -> 178.049
A18: =Summary!A116 -> BOS Patience | B18: =Summary!B116 -> 31043.459 | C18: =Summary!C116 -> 174.54624
A19: =Summary!A117 -> BOS Patriot | B19: =Summary!B117 -> 31043.459 | C19: =Summary!C117 -> 174.54624
A20: =Summary!A118 -> BOS Precious | B20: =Summary!B118 -> 28972.471 | C20: =Summary!C118 -> 145.79096
A21: =Summary!A119 -> Britoil 60 | B21: =Summary!B119 -> 28470 | C21: =Summary!C119 -> 93.6
A22: =Summary!A120 -> Britoil 61 | B22: =Summary!B120 -> 28470 | C22: =Summary!C120 -> 93.6
A23: =Summary!A121 -> Britoil 74 | B23: =Summary!B121 -> 27514.751 | C23: =Summary!C121 -> 154.70558
A24: =Summary!A122 -> Britoil 70 | B24: =Summary!B122 -> 27317.748 | C24: =Summary!C122 -> 153.59791
... A69: =Summary!A167 -> Britoil Dominance | B69: =Summary!B167 -> 0 | C69: =Summary!C167 -> 0

Sheet Sheet3
A1: BOS ITALY | B1: =Sheet2!E1 -> 477830.55 | C1: =Sheet2!F1 -> 20775.241
A2: BOS SG | B2: =Sheet2!E2 -> 393234.93 | C2: =Sheet2!F2 -> 24577.183
A3: BOS DUBAI | B3: =Sheet2!E3 -> 694442.62 | C3: =Sheet2!F3 -> 24801.522

Sheet Sheet4
A1: =Sheet2!G1 -> MGPS | B1: =Sheet2!H1 -> 48 | C1: =Sheet2!I1 -> 1 | D1: =Sheet2!J1 -> 67 | E1: =Summary!N3 -> 681600
A2: =Sheet2!G2 -> EFMS | B2: =Sheet2!H2 -> 17 | C2: =Sheet2!I2 -> 1 | D2: =Sheet2!J2 -> 70 | E2: =Summary!N4 -> 289000
A3: =Sheet2!G3 -> IWTM Filter | B3: =Sheet2!H3 -> 29 | C3: =Sheet2!I3 -> 13 | D3: =Sheet2!J3 -> 44 | E3: =Summary!N5 -> 223300
A4: =Sheet2!G4 -> CMCE LP | B4: =Sheet2!H4 -> 12 | C4: =Sheet2!I4 -> 1 | D4: =Sheet2!J4 -> 45 | E4: =Summary!N7 -> 90000
A5: =Sheet2!G5 -> LED lights | B5: =Sheet2!H5 -> 26 | C5: =Sheet2!I5 -> 2 | D5: =Sheet2!J5 -> 70 | E5: =Summary!N8 -> 319800
A6: =Sheet2!G6 -> Chlorinator | B6: =Sheet2!H6 -> 1 | C6: =Sheet2!I6 -> 1 | D6: =Sheet2!J6 -> 2 | E6: =Summary!N9 -> 12300
A7: =Sheet2!G7 -> Deva Paint | B7: =Sheet2!H7 -> 1 | C7: =Sheet2!I7 -> 0 | D7: =Sheet2!J7 -> 72 | E7: =Summary!N11 -> 20000
A8: =Sheet2!G8 -> AI CCTV | B8: =Sheet2!H8 -> 5 | C8: =Sheet2!I8 -> 0 | D8: =Sheet2!J8 -> 10 | E8: =Summary!N13 -> 210000
A9: =Sheet2!G9 -> Nautilus Log | B9: =Sheet2!H9 -> 70 | C9: =Sheet2!I9 -> 0 | D9: =Sheet2!J9 -> 72 | E9: =Summary!N14 -> 1500
A10: =Sheet2!G10 -> RE Conversion | B10: =Sheet2!H10 -> 1 | C10: =Sheet2!I10 -> 0 | D10: =Sheet2!J10 -> 1 | E10: =Summary!N17 -> 0
A11: =Sheet2!G11 -> Shore Generator | B11: =Sheet2!H11 -> 2 | C11: =Sheet2!I11 -> 0 | D11: =Sheet2!J11 -> 8 | E11: =Summary!N18 -> 0
A12: =Sheet2!G12 -> IOW Separator | B12: =Sheet2!H12 -> 0 | C12: =Sheet2!I12 -> 1 | D12: =Sheet2!J12 -> 1 | E12: =Summary!N19 -> 0
